Sale_ID,Date_ID,Product_ID,Customer_ID,Store_ID,Quantity_Sold,Unit_Price,Total_Sales_Amount,Discount_Applied,Net_Sales_Amount,Load_Timestamp
1,20251106,50,204,13,1,360.0,360.0,0,360.0,2025-12-01 12:00:00
2,20250819,32,117,6,2,40.0,80.0,0,80.0,2025-12-01 12:00:00
3,20250406,44,300,11,1,140.0,140.0,5,133.0,2025-12-01 12:00:00
4,20250601,16,38,2,1,125.0,125.0,0,125.0,2025-12-01 12:00:00
5,20251121,10,200,6,1,95.0,95.0,0,95.0,2025-12-01 12:00:00
6,20250607,29,185,13,1,190.0,190.0,0,190.0,2025-12-01 12:00:00
7,20250406,28,230,9,2,35.0,70.0,0,70.0,2025-12-01 12:00:00
8,20250114,6,182,9,1,410.0,410.0,0,410.0,2025-12-01 12:00:00
9,20250616,25,7,5,2,130.0,260.0,5,247.0,2025-12-01 12:00:00
10,20251014,16,293,9,1,125.0,125.0,0,125.0,2025-12-01 12:00:00
11,20250313,18,155,5,2,180.0,360.0,0,360.0,2025-12-01 12:00:00
12,20250811,18,216,5,2,180.0,360.0,0,360.0,2025-12-01 12:00:00
13,20250509,16,254,10,2,125.0,250.0,0,250.0,2025-12-01 12:00:00
14,20250311,20,4,7,1,85.0,85.0,0,85.0,2025-12-01 12:00:00
15,20250618,29,172,7,4,190.0,760.0,5,722.0,2025-12-01 12:00:00
16,20251101,9,154,6,2,12.0,24.0,0,24.0,2025-12-01 12:00:00
17,20250903,21,91,7,5,35.0,175.0,0,175.0,2025-12-01 12:00:00
18,20251222,41,252,10,3,120.0,360.0,0,360.0,2025-12-01 12:00:00
19,20250524,26,187,2,5,95.0,475.0,0,475.0,2025-12-01 12:00:00
20,20251007,12,282,1,5,135.0,675.0,0,675.0,2025-12-01 12:00:00
21,20251229,14,225,13,1,110.0,110.0,0,110.0,2025-12-01 12:00:00
22,20250729,44,256,3,2,140.0,280.0,0,280.0,2025-12-01 12:00:00
23,20251204,10,217,13,1,95.0,95.0,0,95.0,2025-12-01 12:00:00
24,20251103,31,299,7,2,190.0,380.0,10,342.0,2025-12-01 12:00:00
25,20251221,27,279,1,3,35.0,105.0,0,105.0,2025-12-01 12:00:00
26,20251002,39,44,2,3,380.0,1140.0,0,1140.0,2025-12-01 12:00:00
27,20250701,11,23,10,6,125.0,750.0,0,750.0,2025-12-01 12:00:00
28,20250724,49,170,13,2,330.0,660.0,0,660.0,2025-12-01 12:00:00
29,20250513,15,262,12,2,65.0,130.0,0,130.0,2025-12-01 12:00:00
30,20251022,15,229,6,1,65.0,65.0,5,61.75,2025-12-01 12:00:00
31,20251029,45,257,3,1,110.0,110.0,0,110.0,2025-12-01 12:00:00
32,20250223,19,213,15,5,30.0,150.0,0,150.0,2025-12-01 12:00:00
33,20250314,23,160,6,2,150.0,300.0,0,300.0,2025-12-01 12:00:00
34,20250905,23,244,2,2,150.0,300.0,0,300.0,2025-12-01 12:00:00
35,20250613,5,154,1,4,140.0,560.0,0,560.0,2025-12-01 12:00:00
36,20250625,42,56,11,4,40.0,160.0,10,144.0,2025-12-01 12:00:00
37,20250505,34,90,9,1,110.0,110.0,0,110.0,2025-12-01 12:00:00
38,20250825,15,208,11,1,65.0,65.0,0,65.0,2025-12-01 12:00:00
39,20250810,26,15,12,2,95.0,190.0,0,190.0,2025-12-01 12:00:00
40,20251031,28,200,1,3,35.0,105.0,0,105.0,2025-12-01 12:00:00
41,20251227,5,296,2,3,140.0,420.0,0,420.0,2025-12-01 12:00:00
42,20250707,21,101,8,1,35.0,35.0,0,35.0,2025-12-01 12:00:00
43,20250908,34,161,10,1,110.0,110.0,0,110.0,2025-12-01 12:00:00
44,20250228,23,181,14,2,150.0,300.0,0,300.0,2025-12-01 12:00:00
45,20251211,46,153,15,2,55.0,110.0,0,110.0,2025-12-01 12:00:00
46,20250310,21,61,4,1,35.0,35.0,0,35.0,2025-12-01 12:00:00
47,20251222,10,262,7,2,95.0,190.0,0,190.0,2025-12-01 12:00:00
48,20250716,28,96,8,2,35.0,70.0,0,70.0,2025-12-01 12:00:00
49,20251127,12,285,3,2,135.0,270.0,0,270.0,2025-12-01 12:00:00
50,20250611,29,28,14,1,190.0,190.0,0,190.0,2025-12-01 12:00:00
51,20250311,13,197,9,2,98.0,196.0,0,196.0,2025-12-01 12:00:00
52,20251217,32,213,12,4,40.0,160.0,0,160.0,2025-12-01 12:00:00
53,20250212,37,16,13,3,85.0,255.0,0,255.0,2025-12-01 12:00:00
54,20250521,15,276,5,1,65.0,65.0,0,65.0,2025-12-01 12:00:00
55,20250911,36,262,2,2,110.0,220.0,0,220.0,2025-12-01 12:00:00
56,20251006,24,278,14,3,25.0,75.0,5,71.25,2025-12-01 12:00:00
57,20250814,35,112,7,1,65.0,65.0,5,61.75,2025-12-01 12:00:00
58,20250507,20,17,8,1,85.0,85.0,5,80.75,2025-12-01 12:00:00
59,20250214,29,61,13,4,190.0,760.0,0,760.0,2025-12-01 12:00:00
60,20251029,45,180,14,3,110.0,330.0,0,330.0,2025-12-01 12:00:00
61,20250326,40,72,13,1,110.0,110.0,0,110.0,2025-12-01 12:00:00
62,20250131,37,180,9,1,85.0,85.0,0,85.0,2025-12-01 12:00:00
63,20250615,46,150,5,2,55.0,110.0,10,99.0,2025-12-01 12:00:00
64,20250921,44,49,3,5,140.0,700.0,5,665.0,2025-12-01 12:00:00
65,20250131,18,65,12,4,180.0,720.0,0,720.0,2025-12-01 12:00:00
66,20251231,21,127,13,4,35.0,140.0,0,140.0,2025-12-01 12:00:00
67,20250314,37,138,11,2,85.0,170.0,0,170.0,2025-12-01 12:00:00
68,20251121,50,48,7,2,360.0,720.0,0,720.0,2025-12-01 12:00:00
69,20250708,30,250,6,2,120.0,240.0,5,228.0,2025-12-01 12:00:00
70,20250217,47,235,11,3,60.0,180.0,0,180.0,2025-12-01 12:00:00
71,20250202,35,204,4,5,65.0,325.0,5,308.75,2025-12-01 12:00:00
72,20250911,18,166,14,1,180.0,180.0,0,180.0,2025-12-01 12:00:00
73,20250308,37,249,13,1,85.0,85.0,0,85.0,2025-12-01 12:00:00
74,20250125,3,51,11,3,230.0,690.0,0,690.0,2025-12-01 12:00:00
75,20250305,11,226,8,1,125.0,125.0,10,112.5,2025-12-01 12:00:00
76,20250414,45,68,15,2,110.0,220.0,0,220.0,2025-12-01 12:00:00
77,20250521,6,185,5,1,410.0,410.0,0,410.0,2025-12-01 12:00:00
78,20251129,11,27,7,2,125.0,250.0,5,237.5,2025-12-01 12:00:00
79,20250430,28,47,12,1,35.0,35.0,0,35.0,2025-12-01 12:00:00
80,20250209,9,116,9,3,12.0,36.0,0,36.0,2025-12-01 12:00:00
81,20251223,22,62,14,2,130.0,260.0,0,260.0,2025-12-01 12:00:00
82,20250206,15,197,2,3,65.0,195.0,0,195.0,2025-12-01 12:00:00
83,20250610,24,154,3,1,25.0,25.0,5,23.75,2025-12-01 12:00:00
84,20250310,42,74,2,2,40.0,80.0,0,80.0,2025-12-01 12:00:00
85,20251129,11,226,6,3,125.0,375.0,0,375.0,2025-12-01 12:00:00
86,20250319,27,227,14,1,35.0,35.0,5,33.25,2025-12-01 12:00:00
87,20250313,49,64,10,3,330.0,990.0,0,990.0,2025-12-01 12:00:00
88,20250808,21,72,4,1,35.0,35.0,0,35.0,2025-12-01 12:00:00
89,20251011,39,146,13,5,380.0,1900.0,0,1900.0,2025-12-01 12:00:00
90,20251204,20,106,9,2,85.0,170.0,0,170.0,2025-12-01 12:00:00
91,20250720,19,28,13,4,30.0,120.0,10,108.0,2025-12-01 12:00:00
92,20250911,25,58,4,2,130.0,260.0,0,260.0,2025-12-01 12:00:00
93,20250928,1,185,15,1,30.0,30.0,0,30.0,2025-12-01 12:00:00
94,20251019,27,188,9,3,35.0,105.0,5,99.75,2025-12-01 12:00:00
95,20250207,2,35,1,1,50.0,50.0,0,50.0,2025-12-01 12:00:00
96,20250131,26,260,5,2,95.0,190.0,0,190.0,2025-12-01 12:00:00
97,20250801,28,206,2,2,35.0,70.0,0,70.0,2025-12-01 12:00:00
98,20250320,18,43,5,1,180.0,180.0,10,162.0,2025-12-01 12:00:00
99,20250321,35,168,7,2,65.0,130.0,5,123.5,2025-12-01 12:00:00
100,20251129,44,34,5,3,140.0,420.0,5,399.0,2025-12-01 12:00:00
101,20250503,4,126,2,5,95.0,475.0,0,475.0,2025-12-01 12:00:00
102,20251110,39,29,5,3,380.0,1140.0,0,1140.0,2025-12-01 12:00:00
103,20250331,8,7,12,1,55.0,55.0,0,55.0,2025-12-01 12:00:00
104,20250912,23,268,9,3,150.0,450.0,5,427.5,2025-12-01 12:00:00
105,20250327,24,65,12,3,25.0,75.0,0,75.0,2025-12-01 12:00:00
106,20250302,50,16,6,4,360.0,1440.0,0,1440.0,2025-12-01 12:00:00
107,20250202,17,296,11,1,12.0,12.0,0,12.0,2025-12-01 12:00:00
108,20250704,4,256,14,2,95.0,190.0,0,190.0,2025-12-01 12:00:00
109,20250511,50,53,15,2,360.0,720.0,5,684.0,2025-12-01 12:00:00
110,20250427,48,261,1,1,70.0,70.0,5,66.5,2025-12-01 12:00:00
111,20250506,3,242,6,1,230.0,230.0,0,230.0,2025-12-01 12:00:00
112,20250119,36,215,4,1,110.0,110.0,0,110.0,2025-12-01 12:00:00
113,20250613,18,40,10,1,180.0,180.0,0,180.0,2025-12-01 12:00:00
114,20250127,12,115,13,2,135.0,270.0,0,270.0,2025-12-01 12:00:00
115,20250725,5,239,14,1,140.0,140.0,5,133.0,2025-12-01 12:00:00
116,20250617,6,284,8,1,410.0,410.0,0,410.0,2025-12-01 12:00:00
117,20251016,20,125,8,1,85.0,85.0,10,76.5,2025-12-01 12:00:00
118,20250411,47,280,13,3,60.0,180.0,0,180.0,2025-12-01 12:00:00
119,20250729,2,120,9,1,50.0,50.0,5,47.5,2025-12-01 12:00:00
120,20250105,22,1,13,3,130.0,390.0,5,370.5,2025-12-01 12:00:00
121,20250607,7,106,9,6,50.0,300.0,0,300.0,2025-12-01 12:00:00
122,20250131,10,144,2,1,95.0,95.0,0,95.0,2025-12-01 12:00:00
123,20250924,27,191,8,6,35.0,210.0,0,210.0,2025-12-01 12:00:00
124,20250218,33,69,11,4,110.0,440.0,0,440.0,2025-12-01 12:00:00
125,20251018,4,223,11,5,95.0,475.0,0,475.0,2025-12-01 12:00:00
126,20250514,21,202,12,4,35.0,140.0,0,140.0,2025-12-01 12:00:00
127,20250820,18,120,2,5,180.0,900.0,0,900.0,2025-12-01 12:00:00
128,20251027,7,80,2,1,50.0,50.0,0,50.0,2025-12-01 12:00:00
129,20250728,8,275,6,5,55.0,275.0,0,275.0,2025-12-01 12:00:00
130,20250607,30,136,14,1,120.0,120.0,0,120.0,2025-12-01 12:00:00
131,20251218,20,21,4,4,85.0,340.0,0,340.0,2025-12-01 12:00:00
132,20250216,46,128,6,1,55.0,55.0,0,55.0,2025-12-01 12:00:00
133,20250603,17,90,1,5,12.0,60.0,5,57.0,2025-12-01 12:00:00
134,20251012,48,282,4,1,70.0,70.0,0,70.0,2025-12-01 12:00:00
135,20250313,8,7,1,4,55.0,220.0,10,198.0,2025-12-01 12:00:00
136,20250308,13,206,6,3,98.0,294.0,10,264.6,2025-12-01 12:00:00
137,20250213,38,133,15,4,120.0,480.0,0,480.0,2025-12-01 12:00:00
138,20250203,13,228,13,1,98.0,98.0,10,88.2,2025-12-01 12:00:00
139,20250619,8,22,8,1,55.0,55.0,10,49.5,2025-12-01 12:00:00
140,20250810,47,203,8,1,60.0,60.0,0,60.0,2025-12-01 12:00:00
141,20250330,23,110,15,1,150.0,150.0,0,150.0,2025-12-01 12:00:00
142,20250318,3,126,11,1,230.0,230.0,0,230.0,2025-12-01 12:00:00
143,20251009,31,32,2,1,190.0,190.0,0,190.0,2025-12-01 12:00:00
144,20250413,42,270,4,2,40.0,80.0,5,76.0,2025-12-01 12:00:00
145,20250110,25,184,8,2,130.0,260.0,0,260.0,2025-12-01 12:00:00
146,20251017,33,165,7,1,110.0,110.0,0,110.0,2025-12-01 12:00:00
147,20251102,15,16,15,4,65.0,260.0,0,260.0,2025-12-01 12:00:00
148,20250830,34,184,13,2,110.0,220.0,0,220.0,2025-12-01 12:00:00
149,20250323,7,127,11,1,50.0,50.0,0,50.0,2025-12-01 12:00:00
150,20250129,49,113,10,4,330.0,1320.0,5,1254.0,2025-12-01 12:00:00
151,20250701,12,91,4,2,135.0,270.0,5,256.5,2025-12-01 12:00:00
152,20251224,23,15,12,3,150.0,450.0,10,405.0,2025-12-01 12:00:00
153,20251016,10,289,4,4,95.0,380.0,5,361.0,2025-12-01 12:00:00
154,20250910,35,159,3,2,65.0,130.0,0,130.0,2025-12-01 12:00:00
155,20250430,39,113,1,2,380.0,760.0,0,760.0,2025-12-01 12:00:00
156,20251111,13,67,6,3,98.0,294.0,10,264.6,2025-12-01 12:00:00
157,20250615,4,12,3,2,95.0,190.0,10,171.0,2025-12-01 12:00:00
158,20250226,34,187,2,1,110.0,110.0,10,99.0,2025-12-01 12:00:00
159,20250722,38,52,6,1,120.0,120.0,0,120.0,2025-12-01 12:00:00
160,20250322,47,224,13,2,60.0,120.0,0,120.0,2025-12-01 12:00:00
161,20250612,12,288,12,4,135.0,540.0,0,540.0,2025-12-01 12:00:00
162,20250702,15,90,7,1,65.0,65.0,0,65.0,2025-12-01 12:00:00
163,20250307,12,1,12,5,135.0,675.0,0,675.0,2025-12-01 12:00:00
164,20251018,3,94,10,1,230.0,230.0,5,218.5,2025-12-01 12:00:00
165,20251110,15,290,2,5,65.0,325.0,0,325.0,2025-12-01 12:00:00
166,20250209,16,178,6,1,125.0,125.0,5,118.75,2025-12-01 12:00:00
167,20250215,46,172,8,1,55.0,55.0,0,55.0,2025-12-01 12:00:00
168,20251221,5,180,5,3,140.0,420.0,5,399.0,2025-12-01 12:00:00
169,20250125,25,225,12,2,130.0,260.0,0,260.0,2025-12-01 12:00:00
170,20250731,32,194,6,2,40.0,80.0,0,80.0,2025-12-01 12:00:00
171,20250903,37,116,3,2,85.0,170.0,5,161.5,2025-12-01 12:00:00
172,20250118,19,11,6,1,30.0,30.0,0,30.0,2025-12-01 12:00:00
173,20250625,11,193,3,3,125.0,375.0,0,375.0,2025-12-01 12:00:00
174,20250217,22,248,12,1,130.0,130.0,10,117.0,2025-12-01 12:00:00
175,20250326,39,223,3,1,380.0,380.0,0,380.0,2025-12-01 12:00:00
176,20250408,27,284,12,5,35.0,175.0,0,175.0,2025-12-01 12:00:00
177,20251205,19,153,4,1,30.0,30.0,0,30.0,2025-12-01 12:00:00
178,20251009,32,79,1,1,40.0,40.0,0,40.0,2025-12-01 12:00:00
179,20250531,43,246,4,1,120.0,120.0,0,120.0,2025-12-01 12:00:00
180,20251123,19,42,8,4,30.0,120.0,0,120.0,2025-12-01 12:00:00
181,20250723,31,251,15,3,190.0,570.0,0,570.0,2025-12-01 12:00:00
182,20251006,25,95,6,4,130.0,520.0,0,520.0,2025-12-01 12:00:00
183,20250817,3,135,8,2,230.0,460.0,0,460.0,2025-12-01 12:00:00
184,20250518,37,32,3,3,85.0,255.0,0,255.0,2025-12-01 12:00:00
185,20250213,43,177,13,2,120.0,240.0,10,216.0,2025-12-01 12:00:00
186,20251029,15,284,1,4,65.0,260.0,5,247.0,2025-12-01 12:00:00
187,20250803,35,244,10,4,65.0,260.0,0,260.0,2025-12-01 12:00:00
188,20250210,26,18,9,2,95.0,190.0,0,190.0,2025-12-01 12:00:00
189,20251020,44,76,2,5,140.0,700.0,0,700.0,2025-12-01 12:00:00
190,20250327,14,99,3,1,110.0,110.0,0,110.0,2025-12-01 12:00:00
191,20251216,28,104,14,2,35.0,70.0,5,66.5,2025-12-01 12:00:00
192,20250513,21,35,2,1,35.0,35.0,0,35.0,2025-12-01 12:00:00
193,20250616,18,267,8,5,180.0,900.0,0,900.0,2025-12-01 12:00:00
194,20251225,40,268,13,2,110.0,220.0,0,220.0,2025-12-01 12:00:00
195,20250317,37,299,13,5,85.0,425.0,0,425.0,2025-12-01 12:00:00
196,20250224,37,52,13,1,85.0,85.0,0,85.0,2025-12-01 12:00:00
197,20250626,27,136,7,3,35.0,105.0,0,105.0,2025-12-01 12:00:00
198,20250831,3,89,5,2,230.0,460.0,0,460.0,2025-12-01 12:00:00
199,20251215,45,206,1,1,110.0,110.0,5,104.5,2025-12-01 12:00:00
200,20251220,16,26,12,2,125.0,250.0,0,250.0,2025-12-01 12:00:00
201,20250710,2,173,14,3,50.0,150.0,0,150.0,2025-12-01 12:00:00
202,20250909,45,51,14,1,110.0,110.0,0,110.0,2025-12-01 12:00:00
203,20250815,50,165,5,3,360.0,1080.0,0,1080.0,2025-12-01 12:00:00
204,20250215,13,227,4,5,98.0,490.0,0,490.0,2025-12-01 12:00:00
205,20250906,49,265,14,1,330.0,330.0,0,330.0,2025-12-01 12:00:00
206,20250323,5,160,12,2,140.0,280.0,0,280.0,2025-12-01 12:00:00
207,20250926,37,15,3,1,85.0,85.0,5,80.75,2025-12-01 12:00:00
208,20250130,16,17,8,1,125.0,125.0,0,125.0,2025-12-01 12:00:00
209,20250412,18,189,14,2,180.0,360.0,0,360.0,2025-12-01 12:00:00
210,20250305,44,16,4,1,140.0,140.0,0,140.0,2025-12-01 12:00:00
211,20250401,31,283,6,1,190.0,190.0,5,180.5,2025-12-01 12:00:00
212,20250513,48,47,5,1,70.0,70.0,0,70.0,2025-12-01 12:00:00
213,20251020,50,110,14,1,360.0,360.0,0,360.0,2025-12-01 12:00:00
214,20250416,18,210,9,1,180.0,180.0,5,171.0,2025-12-01 12:00:00
215,20251216,1,243,15,1,30.0,30.0,0,30.0,2025-12-01 12:00:00
216,20250105,15,130,10,4,65.0,260.0,0,260.0,2025-12-01 12:00:00
217,20251230,42,141,7,4,40.0,160.0,5,152.0,2025-12-01 12:00:00
218,20250824,17,112,8,1,12.0,12.0,0,12.0,2025-12-01 12:00:00
219,20251116,26,300,2,1,95.0,95.0,10,85.5,2025-12-01 12:00:00
220,20250711,36,145,5,3,110.0,330.0,0,330.0,2025-12-01 12:00:00
221,20250622,18,167,14,1,180.0,180.0,0,180.0,2025-12-01 12:00:00
222,20251130,20,97,3,2,85.0,170.0,0,170.0,2025-12-01 12:00:00
223,20250130,39,207,11,1,380.0,380.0,0,380.0,2025-12-01 12:00:00
224,20250114,42,255,5,1,40.0,40.0,0,40.0,2025-12-01 12:00:00
225,20250718,48,19,10,3,70.0,210.0,0,210.0,2025-12-01 12:00:00
226,20250408,22,114,11,2,130.0,260.0,5,247.0,2025-12-01 12:00:00
227,20251210,23,260,5,4,150.0,600.0,5,570.0,2025-12-01 12:00:00
228,20251013,12,151,2,2,135.0,270.0,5,256.5,2025-12-01 12:00:00
229,20251014,49,94,11,4,330.0,1320.0,0,1320.0,2025-12-01 12:00:00
230,20250424,23,115,12,4,150.0,600.0,0,600.0,2025-12-01 12:00:00
231,20250619,24,134,10,1,25.0,25.0,5,23.75,2025-12-01 12:00:00
232,20250829,4,299,10,5,95.0,475.0,0,475.0,2025-12-01 12:00:00
233,20250410,33,62,14,3,110.0,330.0,0,330.0,2025-12-01 12:00:00
234,20250731,4,78,3,6,95.0,570.0,0,570.0,2025-12-01 12:00:00
235,20251019,30,74,6,4,120.0,480.0,0,480.0,2025-12-01 12:00:00
236,20250211,32,171,11,6,40.0,240.0,0,240.0,2025-12-01 12:00:00
237,20250130,1,232,5,1,30.0,30.0,5,28.5,2025-12-01 12:00:00
238,20251023,49,82,8,3,330.0,990.0,5,940.5,2025-12-01 12:00:00
239,20250308,40,223,11,2,110.0,220.0,0,220.0,2025-12-01 12:00:00
240,20250902,25,3,1,2,130.0,260.0,5,247.0,2025-12-01 12:00:00
241,20250108,21,272,4,1,35.0,35.0,0,35.0,2025-12-01 12:00:00
242,20250508,15,177,5,1,65.0,65.0,0,65.0,2025-12-01 12:00:00
243,20251029,20,86,2,4,85.0,340.0,0,340.0,2025-12-01 12:00:00
244,20250529,30,267,10,2,120.0,240.0,0,240.0,2025-12-01 12:00:00
245,20251218,9,176,15,2,12.0,24.0,5,22.8,2025-12-01 12:00:00
246,20250326,26,10,4,1,95.0,95.0,10,85.5,2025-12-01 12:00:00
247,20250419,47,12,10,2,60.0,120.0,0,120.0,2025-12-01 12:00:00
248,20251231,42,20,7,4,40.0,160.0,0,160.0,2025-12-01 12:00:00
249,20251001,40,25,10,6,110.0,660.0,0,660.0,2025-12-01 12:00:00
250,20251201,2,25,12,1,50.0,50.0,0,50.0,2025-12-01 12:00:00
251,20250305,36,130,8,3,110.0,330.0,0,330.0,2025-12-01 12:00:00
252,20251218,41,5,5,2,120.0,240.0,0,240.0,2025-12-01 12:00:00
253,20250924,18,71,7,4,180.0,720.0,0,720.0,2025-12-01 12:00:00
254,20251113,8,145,2,3,55.0,165.0,0,165.0,2025-12-01 12:00:00
255,20251108,13,135,14,2,98.0,196.0,0,196.0,2025-12-01 12:00:00
256,20251227,27,152,3,1,35.0,35.0,0,35.0,2025-12-01 12:00:00
257,20250417,45,247,6,1,110.0,110.0,0,110.0,2025-12-01 12:00:00
258,20250215,8,294,11,2,55.0,110.0,10,99.0,2025-12-01 12:00:00
259,20250919,5,52,15,1,140.0,140.0,0,140.0,2025-12-01 12:00:00
260,20250601,17,238,1,1,12.0,12.0,0,12.0,2025-12-01 12:00:00
261,20250121,19,185,13,3,30.0,90.0,0,90.0,2025-12-01 12:00:00
262,20250301,7,24,1,4,50.0,200.0,0,200.0,2025-12-01 12:00:00
263,20250329,22,184,15,2,130.0,260.0,0,260.0,2025-12-01 12:00:00
264,20250217,24,176,3,1,25.0,25.0,0,25.0,2025-12-01 12:00:00
265,20250822,18,198,12,4,180.0,720.0,5,684.0,2025-12-01 12:00:00
266,20251129,11,58,3,3,125.0,375.0,0,375.0,2025-12-01 12:00:00
267,20250323,7,214,15,2,50.0,100.0,5,95.0,2025-12-01 12:00:00
268,20251214,29,93,10,1,190.0,190.0,0,190.0,2025-12-01 12:00:00
269,20250115,44,67,8,5,140.0,700.0,0,700.0,2025-12-01 12:00:00
270,20250730,29,24,2,1,190.0,190.0,0,190.0,2025-12-01 12:00:00
271,20251227,44,269,13,3,140.0,420.0,5,399.0,2025-12-01 12:00:00
272,20250425,43,174,9,2,120.0,240.0,5,228.0,2025-12-01 12:00:00
273,20250218,28,128,8,1,35.0,35.0,0,35.0,2025-12-01 12:00:00
274,20250717,10,286,15,6,95.0,570.0,0,570.0,2025-12-01 12:00:00
275,20251126,11,259,14,2,125.0,250.0,0,250.0,2025-12-01 12:00:00
276,20250326,5,252,6,1,140.0,140.0,10,126.0,2025-12-01 12:00:00
277,20250126,33,115,9,2,110.0,220.0,0,220.0,2025-12-01 12:00:00
278,20250501,6,236,8,4,410.0,1640.0,0,1640.0,2025-12-01 12:00:00
279,20250913,29,162,2,6,190.0,1140.0,5,1083.0,2025-12-01 12:00:00
280,20250110,7,207,7,1,50.0,50.0,0,50.0,2025-12-01 12:00:00
281,20250216,39,156,15,2,380.0,760.0,0,760.0,2025-12-01 12:00:00
282,20251210,30,175,6,4,120.0,480.0,5,456.0,2025-12-01 12:00:00
283,20250821,22,287,13,2,130.0,260.0,0,260.0,2025-12-01 12:00:00
284,20251203,24,232,2,1,25.0,25.0,0,25.0,2025-12-01 12:00:00
285,20250102,22,182,14,2,130.0,260.0,5,247.0,2025-12-01 12:00:00
286,20251008,34,192,12,1,110.0,110.0,5,104.5,2025-12-01 12:00:00
287,20250910,9,210,2,1,12.0,12.0,0,12.0,2025-12-01 12:00:00
288,20250303,26,111,8,4,95.0,380.0,0,380.0,2025-12-01 12:00:00
289,20250623,7,213,1,5,50.0,250.0,5,237.5,2025-12-01 12:00:00
290,20251029,8,231,8,3,55.0,165.0,10,148.5,2025-12-01 12:00:00
291,20250310,32,3,9,3,40.0,120.0,0,120.0,2025-12-01 12:00:00
292,20250810,38,248,15,2,120.0,240.0,10,216.0,2025-12-01 12:00:00
293,20250401,45,297,3,3,110.0,330.0,0,330.0,2025-12-01 12:00:00
294,20250718,43,165,9,4,120.0,480.0,0,480.0,2025-12-01 12:00:00
295,20251108,45,128,5,1,110.0,110.0,0,110.0,2025-12-01 12:00:00
296,20250531,29,69,3,2,190.0,380.0,5,361.0,2025-12-01 12:00:00
297,20250920,20,281,14,1,85.0,85.0,5,80.75,2025-12-01 12:00:00
298,20251011,41,112,4,1,120.0,120.0,5,114.0,2025-12-01 12:00:00
299,20251218,23,68,12,3,150.0,450.0,10,405.0,2025-12-01 12:00:00
300,20250915,35,166,12,1,65.0,65.0,0,65.0,2025-12-01 12:00:00
301,20250903,38,293,11,3,120.0,360.0,0,360.0,2025-12-01 12:00:00
302,20251001,19,217,13,1,30.0,30.0,0,30.0,2025-12-01 12:00:00
303,20250715,10,28,11,1,95.0,95.0,0,95.0,2025-12-01 12:00:00
304,20250324,19,129,3,4,30.0,120.0,0,120.0,2025-12-01 12:00:00
305,20250601,14,278,1,1,110.0,110.0,0,110.0,2025-12-01 12:00:00
306,20251112,44,288,14,1,140.0,140.0,0,140.0,2025-12-01 12:00:00
307,20250719,16,262,13,3,125.0,375.0,0,375.0,2025-12-01 12:00:00
308,20251221,43,25,15,1,120.0,120.0,0,120.0,2025-12-01 12:00:00
309,20251217,21,283,1,1,35.0,35.0,0,35.0,2025-12-01 12:00:00
310,20251114,50,227,14,1,360.0,360.0,0,360.0,2025-12-01 12:00:00
311,20251230,42,189,13,2,40.0,80.0,5,76.0,2025-12-01 12:00:00
312,20250411,50,100,5,2,360.0,720.0,10,648.0,2025-12-01 12:00:00
313,20250208,12,89,12,2,135.0,270.0,0,270.0,2025-12-01 12:00:00
314,20250808,18,285,5,1,180.0,180.0,0,180.0,2025-12-01 12:00:00
315,20250511,1,170,8,3,30.0,90.0,0,90.0,2025-12-01 12:00:00
316,20250320,21,27,13,5,35.0,175.0,0,175.0,2025-12-01 12:00:00
317,20251205,20,252,13,2,85.0,170.0,0,170.0,2025-12-01 12:00:00
318,20251229,21,270,4,5,35.0,175.0,0,175.0,2025-12-01 12:00:00
319,20250916,11,213,9,2,125.0,250.0,0,250.0,2025-12-01 12:00:00
320,20250424,14,170,6,1,110.0,110.0,0,110.0,2025-12-01 12:00:00
321,20251113,34,244,9,4,110.0,440.0,10,396.0,2025-12-01 12:00:00
322,20250105,8,178,8,1,55.0,55.0,0,55.0,2025-12-01 12:00:00
323,20251115,16,21,11,4,125.0,500.0,0,500.0,2025-12-01 12:00:00
324,20250228,25,132,9,3,130.0,390.0,0,390.0,2025-12-01 12:00:00
325,20250922,50,192,9,4,360.0,1440.0,0,1440.0,2025-12-01 12:00:00
326,20250123,19,99,6,2,30.0,60.0,10,54.0,2025-12-01 12:00:00
327,20250327,50,276,9,1,360.0,360.0,0,360.0,2025-12-01 12:00:00
328,20251210,41,110,14,3,120.0,360.0,5,342.0,2025-12-01 12:00:00
329,20250416,35,223,11,4,65.0,260.0,0,260.0,2025-12-01 12:00:00
330,20251218,10,13,8,3,95.0,285.0,0,285.0,2025-12-01 12:00:00
331,20250207,4,92,13,1,95.0,95.0,0,95.0,2025-12-01 12:00:00
332,20250427,17,209,7,2,12.0,24.0,0,24.0,2025-12-01 12:00:00
333,20250611,2,200,11,1,50.0,50.0,0,50.0,2025-12-01 12:00:00
334,20251113,5,300,1,3,140.0,420.0,0,420.0,2025-12-01 12:00:00
335,20250915,7,149,13,3,50.0,150.0,0,150.0,2025-12-01 12:00:00
336,20250525,49,225,7,1,330.0,330.0,0,330.0,2025-12-01 12:00:00
337,20250831,11,274,4,1,125.0,125.0,0,125.0,2025-12-01 12:00:00
338,20251007,19,74,5,3,30.0,90.0,10,81.0,2025-12-01 12:00:00
339,20251128,24,6,9,4,25.0,100.0,0,100.0,2025-12-01 12:00:00
340,20250122,1,294,10,1,30.0,30.0,0,30.0,2025-12-01 12:00:00
341,20250213,20,108,12,3,85.0,255.0,5,242.25,2025-12-01 12:00:00
342,20250419,27,263,3,1,35.0,35.0,0,35.0,2025-12-01 12:00:00
343,20250510,13,59,3,3,98.0,294.0,0,294.0,2025-12-01 12:00:00
344,20250128,49,282,8,2,330.0,660.0,0,660.0,2025-12-01 12:00:00
345,20251210,5,129,2,1,140.0,140.0,0,140.0,2025-12-01 12:00:00
346,20250619,23,66,11,3,150.0,450.0,0,450.0,2025-12-01 12:00:00
347,20251114,5,100,6,2,140.0,280.0,0,280.0,2025-12-01 12:00:00
348,20251204,20,300,3,2,85.0,170.0,0,170.0,2025-12-01 12:00:00
349,20250611,28,87,1,1,35.0,35.0,5,33.25,2025-12-01 12:00:00
350,20251231,48,224,5,4,70.0,280.0,0,280.0,2025-12-01 12:00:00
351,20250619,31,237,8,1,190.0,190.0,0,190.0,2025-12-01 12:00:00
352,20251010,7,90,11,2,50.0,100.0,5,95.0,2025-12-01 12:00:00
353,20250313,35,101,5,3,65.0,195.0,0,195.0,2025-12-01 12:00:00
354,20250208,2,260,11,1,50.0,50.0,0,50.0,2025-12-01 12:00:00
355,20250727,50,109,15,1,360.0,360.0,0,360.0,2025-12-01 12:00:00
356,20251004,31,77,6,1,190.0,190.0,5,180.5,2025-12-01 12:00:00
357,20251029,47,149,3,2,60.0,120.0,0,120.0,2025-12-01 12:00:00
358,20250723,24,258,1,3,25.0,75.0,5,71.25,2025-12-01 12:00:00
359,20251111,44,85,13,2,140.0,280.0,0,280.0,2025-12-01 12:00:00
360,20250402,37,290,11,4,85.0,340.0,0,340.0,2025-12-01 12:00:00
361,20250905,23,21,4,3,150.0,450.0,0,450.0,2025-12-01 12:00:00
362,20250516,24,120,1,3,25.0,75.0,0,75.0,2025-12-01 12:00:00
363,20250704,25,241,15,2,130.0,260.0,0,260.0,2025-12-01 12:00:00
364,20251129,21,53,12,5,35.0,175.0,0,175.0,2025-12-01 12:00:00
365,20250521,48,135,10,2,70.0,140.0,0,140.0,2025-12-01 12:00:00
366,20251201,25,188,10,3,130.0,390.0,5,370.5,2025-12-01 12:00:00
367,20250922,17,193,15,1,12.0,12.0,0,12.0,2025-12-01 12:00:00
368,20250626,32,247,15,2,40.0,80.0,0,80.0,2025-12-01 12:00:00
369,20250313,29,85,4,1,190.0,190.0,0,190.0,2025-12-01 12:00:00
370,20250419,10,96,3,1,95.0,95.0,5,90.25,2025-12-01 12:00:00
371,20250302,43,118,7,4,120.0,480.0,5,456.0,2025-12-01 12:00:00
372,20250904,44,246,8,1,140.0,140.0,0,140.0,2025-12-01 12:00:00
373,20250730,2,125,1,1,50.0,50.0,0,50.0,2025-12-01 12:00:00
374,20250310,41,263,1,4,120.0,480.0,0,480.0,2025-12-01 12:00:00
375,20250327,17,93,9,5,12.0,60.0,0,60.0,2025-12-01 12:00:00
376,20251016,41,10,15,3,120.0,360.0,0,360.0,2025-12-01 12:00:00
377,20250526,6,111,8,2,410.0,820.0,0,820.0,2025-12-01 12:00:00
378,20250904,11,113,14,2,125.0,250.0,0,250.0,2025-12-01 12:00:00
379,20251026,50,94,10,3,360.0,1080.0,0,1080.0,2025-12-01 12:00:00
380,20251218,22,233,10,2,130.0,260.0,0,260.0,2025-12-01 12:00:00
381,20250717,9,56,1,1,12.0,12.0,5,11.4,2025-12-01 12:00:00
382,20250916,44,215,14,1,140.0,140.0,0,140.0,2025-12-01 12:00:00
383,20250901,40,20,15,3,110.0,330.0,0,330.0,2025-12-01 12:00:00
384,20250302,6,247,11,1,410.0,410.0,0,410.0,2025-12-01 12:00:00
385,20250101,50,221,9,2,360.0,720.0,5,684.0,2025-12-01 12:00:00
386,20251224,34,220,4,5,110.0,550.0,0,550.0,2025-12-01 12:00:00
387,20250715,23,295,2,2,150.0,300.0,0,300.0,2025-12-01 12:00:00
388,20250430,6,146,10,4,410.0,1640.0,0,1640.0,2025-12-01 12:00:00
389,20250407,1,4,10,2,30.0,60.0,0,60.0,2025-12-01 12:00:00
390,20250712,42,106,12,4,40.0,160.0,0,160.0,2025-12-01 12:00:00
391,20250224,10,219,11,2,95.0,190.0,0,190.0,2025-12-01 12:00:00
392,20251002,28,290,6,2,35.0,70.0,10,63.0,2025-12-01 12:00:00
393,20250723,49,105,7,2,330.0,660.0,0,660.0,2025-12-01 12:00:00
394,20250402,24,287,9,2,25.0,50.0,10,45.0,2025-12-01 12:00:00
395,20251023,23,204,12,1,150.0,150.0,5,142.5,2025-12-01 12:00:00
396,20250302,48,118,8,3,70.0,210.0,10,189.0,2025-12-01 12:00:00
397,20250221,14,261,7,3,110.0,330.0,5,313.5,2025-12-01 12:00:00
398,20251111,45,27,3,1,110.0,110.0,0,110.0,2025-12-01 12:00:00
399,20250216,10,242,15,2,95.0,190.0,0,190.0,2025-12-01 12:00:00
400,20250515,15,190,2,2,65.0,130.0,5,123.5,2025-12-01 12:00:00
401,20250725,40,267,5,3,110.0,330.0,0,330.0,2025-12-01 12:00:00
402,20250331,41,254,8,1,120.0,120.0,5,114.0,2025-12-01 12:00:00
403,20250923,19,100,1,3,30.0,90.0,0,90.0,2025-12-01 12:00:00
404,20251224,15,87,11,1,65.0,65.0,0,65.0,2025-12-01 12:00:00
405,20250101,11,45,5,3,125.0,375.0,0,375.0,2025-12-01 12:00:00
406,20250722,26,103,9,1,95.0,95.0,5,90.25,2025-12-01 12:00:00
407,20250216,36,146,12,4,110.0,440.0,10,396.0,2025-12-01 12:00:00
408,20250628,23,142,4,2,150.0,300.0,0,300.0,2025-12-01 12:00:00
409,20250726,37,3,5,1,85.0,85.0,0,85.0,2025-12-01 12:00:00
410,20251014,5,258,5,1,140.0,140.0,0,140.0,2025-12-01 12:00:00
411,20250920,17,276,14,3,12.0,36.0,0,36.0,2025-12-01 12:00:00
412,20250815,25,289,8,3,130.0,390.0,5,370.5,2025-12-01 12:00:00
413,20250823,44,236,15,2,140.0,280.0,0,280.0,2025-12-01 12:00:00
414,20250301,17,35,7,2,12.0,24.0,10,21.6,2025-12-01 12:00:00
415,20251213,45,118,13,1,110.0,110.0,10,99.0,2025-12-01 12:00:00
416,20250922,35,5,12,4,65.0,260.0,0,260.0,2025-12-01 12:00:00
417,20250217,26,176,2,2,95.0,190.0,0,190.0,2025-12-01 12:00:00
418,20250610,23,112,15,2,150.0,300.0,0,300.0,2025-12-01 12:00:00
419,20251216,13,256,12,1,98.0,98.0,5,93.1,2025-12-01 12:00:00
420,20250516,14,118,4,4,110.0,440.0,5,418.0,2025-12-01 12:00:00
421,20250702,10,55,2,5,95.0,475.0,0,475.0,2025-12-01 12:00:00
422,20251206,32,4,13,4,40.0,160.0,10,144.0,2025-12-01 12:00:00
423,20250904,24,162,8,4,25.0,100.0,5,95.0,2025-12-01 12:00:00
424,20251022,18,252,3,6,180.0,1080.0,10,972.0,2025-12-01 12:00:00
425,20250524,26,114,13,2,95.0,190.0,0,190.0,2025-12-01 12:00:00
426,20250805,31,277,1,2,190.0,380.0,0,380.0,2025-12-01 12:00:00
427,20251218,50,90,8,6,360.0,2160.0,0,2160.0,2025-12-01 12:00:00
428,20250824,21,5,1,3,35.0,105.0,0,105.0,2025-12-01 12:00:00
429,20250221,21,186,10,4,35.0,140.0,0,140.0,2025-12-01 12:00:00
430,20250515,16,138,8,5,125.0,625.0,0,625.0,2025-12-01 12:00:00
431,20250405,32,218,4,2,40.0,80.0,5,76.0,2025-12-01 12:00:00
432,20250706,26,144,8,1,95.0,95.0,0,95.0,2025-12-01 12:00:00
433,20251022,44,118,14,1,140.0,140.0,0,140.0,2025-12-01 12:00:00
434,20250501,36,222,14,1,110.0,110.0,0,110.0,2025-12-01 12:00:00
435,20250318,31,5,3,2,190.0,380.0,0,380.0,2025-12-01 12:00:00
436,20251119,34,274,12,1,110.0,110.0,0,110.0,2025-12-01 12:00:00
437,20250509,36,291,1,1,110.0,110.0,0,110.0,2025-12-01 12:00:00
438,20250131,14,131,8,4,110.0,440.0,0,440.0,2025-12-01 12:00:00
439,20250621,17,185,6,2,12.0,24.0,10,21.6,2025-12-01 12:00:00
440,20250512,23,11,7,1,150.0,150.0,5,142.5,2025-12-01 12:00:00
441,20251107,13,296,10,2,98.0,196.0,0,196.0,2025-12-01 12:00:00
442,20250526,23,167,11,2,150.0,300.0,5,285.0,2025-12-01 12:00:00
443,20250817,6,196,10,1,410.0,410.0,0,410.0,2025-12-01 12:00:00
444,20250316,11,173,7,2,125.0,250.0,0,250.0,2025-12-01 12:00:00
445,20250206,6,83,6,1,410.0,410.0,0,410.0,2025-12-01 12:00:00
446,20250530,46,137,10,2,55.0,110.0,0,110.0,2025-12-01 12:00:00
447,20250816,50,186,12,2,360.0,720.0,10,648.0,2025-12-01 12:00:00
448,20250731,11,95,14,1,125.0,125.0,5,118.75,2025-12-01 12:00:00
449,20251205,17,41,4,1,12.0,12.0,0,12.0,2025-12-01 12:00:00
450,20250202,31,281,1,1,190.0,190.0,0,190.0,2025-12-01 12:00:00
451,20250212,7,135,10,1,50.0,50.0,0,50.0,2025-12-01 12:00:00
452,20250719,20,118,4,3,85.0,255.0,0,255.0,2025-12-01 12:00:00
453,20250306,9,270,14,1,12.0,12.0,0,12.0,2025-12-01 12:00:00
454,20250702,21,244,8,6,35.0,210.0,0,210.0,2025-12-01 12:00:00
455,20250520,36,228,3,5,110.0,550.0,0,550.0,2025-12-01 12:00:00
456,20250401,38,234,11,3,120.0,360.0,5,342.0,2025-12-01 12:00:00
457,20250811,34,274,5,5,110.0,550.0,0,550.0,2025-12-01 12:00:00
458,20250427,6,227,5,1,410.0,410.0,0,410.0,2025-12-01 12:00:00
459,20250605,1,1,9,4,30.0,120.0,5,114.0,2025-12-01 12:00:00
460,20250626,19,241,9,1,30.0,30.0,10,27.0,2025-12-01 12:00:00
461,20250902,20,5,13,2,85.0,170.0,0,170.0,2025-12-01 12:00:00
462,20250429,1,281,6,1,30.0,30.0,5,28.5,2025-12-01 12:00:00
463,20250812,26,128,3,3,95.0,285.0,0,285.0,2025-12-01 12:00:00
464,20250713,15,135,2,2,65.0,130.0,0,130.0,2025-12-01 12:00:00
465,20251110,45,140,5,2,110.0,220.0,0,220.0,2025-12-01 12:00:00
466,20250518,27,97,14,1,35.0,35.0,0,35.0,2025-12-01 12:00:00
467,20250226,41,234,10,2,120.0,240.0,5,228.0,2025-12-01 12:00:00
468,20250909,13,165,1,1,98.0,98.0,10,88.2,2025-12-01 12:00:00
469,20250112,12,53,5,1,135.0,135.0,5,128.25,2025-12-01 12:00:00
470,20250105,15,47,3,1,65.0,65.0,0,65.0,2025-12-01 12:00:00
471,20250804,20,256,6,2,85.0,170.0,5,161.5,2025-12-01 12:00:00
472,20250619,6,75,1,1,410.0,410.0,0,410.0,2025-12-01 12:00:00
473,20251006,31,93,4,4,190.0,760.0,0,760.0,2025-12-01 12:00:00
474,20250715,1,63,13,3,30.0,90.0,0,90.0,2025-12-01 12:00:00
475,20250815,16,18,4,2,125.0,250.0,5,237.5,2025-12-01 12:00:00
476,20250924,43,107,8,1,120.0,120.0,10,108.0,2025-12-01 12:00:00
477,20250615,11,22,12,5,125.0,625.0,0,625.0,2025-12-01 12:00:00
478,20250510,31,153,4,1,190.0,190.0,0,190.0,2025-12-01 12:00:00
479,20251208,14,58,4,2,110.0,220.0,0,220.0,2025-12-01 12:00:00
480,20250327,18,300,2,1,180.0,180.0,0,180.0,2025-12-01 12:00:00
481,20250122,38,244,12,2,120.0,240.0,0,240.0,2025-12-01 12:00:00
482,20250215,16,81,8,1,125.0,125.0,0,125.0,2025-12-01 12:00:00
483,20251117,4,31,6,2,95.0,190.0,5,180.5,2025-12-01 12:00:00
484,20250224,9,250,4,1,12.0,12.0,0,12.0,2025-12-01 12:00:00
485,20251127,49,178,13,4,330.0,1320.0,5,1254.0,2025-12-01 12:00:00
486,20250111,45,194,6,3,110.0,330.0,0,330.0,2025-12-01 12:00:00
487,20250121,32,225,9,1,40.0,40.0,0,40.0,2025-12-01 12:00:00
488,20250408,37,96,9,1,85.0,85.0,5,80.75,2025-12-01 12:00:00
489,20250521,39,284,3,1,380.0,380.0,0,380.0,2025-12-01 12:00:00
490,20250601,17,278,6,2,12.0,24.0,5,22.8,2025-12-01 12:00:00
491,20250917,25,95,15,1,130.0,130.0,5,123.5,2025-12-01 12:00:00
492,20251114,16,165,12,1,125.0,125.0,10,112.5,2025-12-01 12:00:00
493,20250718,13,269,11,2,98.0,196.0,0,196.0,2025-12-01 12:00:00
494,20251110,19,166,7,2,30.0,60.0,0,60.0,2025-12-01 12:00:00
495,20250925,43,35,1,4,120.0,480.0,0,480.0,2025-12-01 12:00:00
496,20250117,13,55,8,1,98.0,98.0,0,98.0,2025-12-01 12:00:00
497,20251125,25,251,9,2,130.0,260.0,0,260.0,2025-12-01 12:00:00
498,20250126,24,114,10,3,25.0,75.0,0,75.0,2025-12-01 12:00:00
499,20250417,42,252,15,4,40.0,160.0,0,160.0,2025-12-01 12:00:00
500,20251124,4,185,9,3,95.0,285.0,5,270.75,2025-12-01 12:00:00
501,20250708,46,30,14,2,55.0,110.0,0,110.0,2025-12-01 12:00:00
502,20250206,20,40,4,5,85.0,425.0,0,425.0,2025-12-01 12:00:00
503,20250429,35,198,4,1,65.0,65.0,0,65.0,2025-12-01 12:00:00
504,20251019,41,92,9,3,120.0,360.0,0,360.0,2025-12-01 12:00:00
505,20250224,50,296,6,3,360.0,1080.0,5,1026.0,2025-12-01 12:00:00
506,20250807,7,86,13,1,50.0,50.0,0,50.0,2025-12-01 12:00:00
507,20250622,43,81,9,6,120.0,720.0,0,720.0,2025-12-01 12:00:00
508,20250630,21,282,6,4,35.0,140.0,0,140.0,2025-12-01 12:00:00
509,20251121,28,166,10,1,35.0,35.0,0,35.0,2025-12-01 12:00:00
510,20250712,50,282,15,3,360.0,1080.0,0,1080.0,2025-12-01 12:00:00
511,20250820,29,204,1,3,190.0,570.0,10,513.0,2025-12-01 12:00:00
512,20251102,2,266,3,6,50.0,300.0,0,300.0,2025-12-01 12:00:00
513,20250603,15,110,14,1,65.0,65.0,5,61.75,2025-12-01 12:00:00
514,20251220,18,284,9,2,180.0,360.0,10,324.0,2025-12-01 12:00:00
515,20250321,7,20,8,1,50.0,50.0,0,50.0,2025-12-01 12:00:00
516,20250707,38,128,4,1,120.0,120.0,0,120.0,2025-12-01 12:00:00
517,20251020,26,292,15,1,95.0,95.0,0,95.0,2025-12-01 12:00:00
518,20250616,31,89,8,4,190.0,760.0,0,760.0,2025-12-01 12:00:00
519,20251023,7,154,1,3,50.0,150.0,0,150.0,2025-12-01 12:00:00
520,20250210,50,29,15,3,360.0,1080.0,0,1080.0,2025-12-01 12:00:00
521,20250811,27,62,14,3,35.0,105.0,5,99.75,2025-12-01 12:00:00
522,20251105,1,196,1,1,30.0,30.0,0,30.0,2025-12-01 12:00:00
523,20251004,37,77,6,2,85.0,170.0,0,170.0,2025-12-01 12:00:00
524,20250126,44,202,8,3,140.0,420.0,0,420.0,2025-12-01 12:00:00
525,20250216,15,222,5,3,65.0,195.0,0,195.0,2025-12-01 12:00:00
526,20250622,6,244,10,3,410.0,1230.0,0,1230.0,2025-12-01 12:00:00
527,20250515,6,205,9,2,410.0,820.0,0,820.0,2025-12-01 12:00:00
528,20250311,31,287,4,2,190.0,380.0,0,380.0,2025-12-01 12:00:00
529,20250411,36,269,4,1,110.0,110.0,0,110.0,2025-12-01 12:00:00
530,20250809,21,295,2,1,35.0,35.0,0,35.0,2025-12-01 12:00:00
531,20250707,23,98,6,1,150.0,150.0,0,150.0,2025-12-01 12:00:00
532,20250606,11,180,10,4,125.0,500.0,5,475.0,2025-12-01 12:00:00
533,20251116,10,226,1,5,95.0,475.0,0,475.0,2025-12-01 12:00:00
534,20251217,24,80,13,3,25.0,75.0,0,75.0,2025-12-01 12:00:00
535,20250128,16,76,14,4,125.0,500.0,0,500.0,2025-12-01 12:00:00
536,20250625,45,57,5,2,110.0,220.0,0,220.0,2025-12-01 12:00:00
537,20250418,48,276,4,1,70.0,70.0,0,70.0,2025-12-01 12:00:00
538,20250513,36,248,10,3,110.0,330.0,0,330.0,2025-12-01 12:00:00
539,20251224,43,10,7,2,120.0,240.0,0,240.0,2025-12-01 12:00:00
540,20250123,17,88,1,1,12.0,12.0,5,11.4,2025-12-01 12:00:00
541,20251113,18,28,8,3,180.0,540.0,0,540.0,2025-12-01 12:00:00
542,20250718,43,139,11,4,120.0,480.0,0,480.0,2025-12-01 12:00:00
543,20250225,2,150,14,4,50.0,200.0,0,200.0,2025-12-01 12:00:00
544,20250714,33,51,15,1,110.0,110.0,5,104.5,2025-12-01 12:00:00
545,20250930,6,96,4,2,410.0,820.0,0,820.0,2025-12-01 12:00:00
546,20251231,2,21,4,5,50.0,250.0,0,250.0,2025-12-01 12:00:00
547,20250908,26,81,1,1,95.0,95.0,0,95.0,2025-12-01 12:00:00
548,20251117,20,121,9,1,85.0,85.0,0,85.0,2025-12-01 12:00:00
549,20250512,25,16,9,5,130.0,650.0,0,650.0,2025-12-01 12:00:00
550,20250624,26,71,2,3,95.0,285.0,0,285.0,2025-12-01 12:00:00
551,20251214,40,117,7,1,110.0,110.0,0,110.0,2025-12-01 12:00:00
552,20250609,39,169,8,2,380.0,760.0,0,760.0,2025-12-01 12:00:00
553,20250312,38,278,11,4,120.0,480.0,5,456.0,2025-12-01 12:00:00
554,20250608,45,269,15,1,110.0,110.0,10,99.0,2025-12-01 12:00:00
555,20250316,42,290,15,1,40.0,40.0,0,40.0,2025-12-01 12:00:00
556,20250930,47,61,3,1,60.0,60.0,5,57.0,2025-12-01 12:00:00
557,20250116,49,164,15,6,330.0,1980.0,10,1782.0,2025-12-01 12:00:00
558,20250605,29,141,3,3,190.0,570.0,0,570.0,2025-12-01 12:00:00
559,20250405,2,137,10,2,50.0,100.0,0,100.0,2025-12-01 12:00:00
560,20250429,15,14,6,1,65.0,65.0,5,61.75,2025-12-01 12:00:00
561,20250310,33,241,12,2,110.0,220.0,0,220.0,2025-12-01 12:00:00
562,20250718,32,243,3,1,40.0,40.0,0,40.0,2025-12-01 12:00:00
563,20250729,49,8,15,1,330.0,330.0,0,330.0,2025-12-01 12:00:00
564,20251210,13,105,2,1,98.0,98.0,10,88.2,2025-12-01 12:00:00
565,20250813,40,251,12,1,110.0,110.0,0,110.0,2025-12-01 12:00:00
566,20250507,28,208,13,1,35.0,35.0,5,33.25,2025-12-01 12:00:00
567,20250714,47,161,7,2,60.0,120.0,5,114.0,2025-12-01 12:00:00
568,20251101,35,269,11,4,65.0,260.0,5,247.0,2025-12-01 12:00:00
569,20250924,7,232,8,4,50.0,200.0,0,200.0,2025-12-01 12:00:00
570,20250506,34,276,7,6,110.0,660.0,0,660.0,2025-12-01 12:00:00
571,20250718,34,26,4,1,110.0,110.0,0,110.0,2025-12-01 12:00:00
572,20250605,50,147,8,1,360.0,360.0,0,360.0,2025-12-01 12:00:00
573,20250128,45,265,15,1,110.0,110.0,5,104.5,2025-12-01 12:00:00
574,20250820,6,257,2,1,410.0,410.0,0,410.0,2025-12-01 12:00:00
575,20251223,35,70,7,2,65.0,130.0,0,130.0,2025-12-01 12:00:00
576,20250402,30,104,15,2,120.0,240.0,0,240.0,2025-12-01 12:00:00
577,20251221,42,84,12,3,40.0,120.0,0,120.0,2025-12-01 12:00:00
578,20251228,29,186,2,2,190.0,380.0,0,380.0,2025-12-01 12:00:00
579,20250919,40,82,7,2,110.0,220.0,0,220.0,2025-12-01 12:00:00
580,20250329,22,290,14,3,130.0,390.0,0,390.0,2025-12-01 12:00:00
581,20250316,12,27,7,1,135.0,135.0,5,128.25,2025-12-01 12:00:00
582,20250817,19,93,2,4,30.0,120.0,10,108.0,2025-12-01 12:00:00
583,20250102,40,130,1,2,110.0,220.0,5,209.0,2025-12-01 12:00:00
584,20251006,1,253,4,1,30.0,30.0,0,30.0,2025-12-01 12:00:00
585,20250821,27,227,2,2,35.0,70.0,0,70.0,2025-12-01 12:00:00
586,20251008,18,286,14,4,180.0,720.0,0,720.0,2025-12-01 12:00:00
587,20250317,4,179,1,1,95.0,95.0,0,95.0,2025-12-01 12:00:00
588,20251023,39,153,6,5,380.0,1900.0,0,1900.0,2025-12-01 12:00:00
589,20250802,12,83,11,1,135.0,135.0,0,135.0,2025-12-01 12:00:00
590,20251225,39,294,13,2,380.0,760.0,10,684.0,2025-12-01 12:00:00
591,20251024,24,19,2,3,25.0,75.0,0,75.0,2025-12-01 12:00:00
592,20250714,5,219,14,2,140.0,280.0,0,280.0,2025-12-01 12:00:00
593,20250310,8,141,6,2,55.0,110.0,0,110.0,2025-12-01 12:00:00
594,20251223,14,30,2,2,110.0,220.0,10,198.0,2025-12-01 12:00:00
595,20250928,6,248,12,3,410.0,1230.0,10,1107.0,2025-12-01 12:00:00
596,20251228,19,219,10,4,30.0,120.0,0,120.0,2025-12-01 12:00:00
597,20251022,40,182,15,1,110.0,110.0,0,110.0,2025-12-01 12:00:00
598,20250924,47,255,8,4,60.0,240.0,5,228.0,2025-12-01 12:00:00
599,20250430,46,149,4,1,55.0,55.0,0,55.0,2025-12-01 12:00:00
600,20251117,8,107,13,2,55.0,110.0,0,110.0,2025-12-01 12:00:00
601,20250124,22,180,9,4,130.0,520.0,0,520.0,2025-12-01 12:00:00
602,20251124,13,145,5,3,98.0,294.0,0,294.0,2025-12-01 12:00:00
603,20250917,36,166,13,1,110.0,110.0,0,110.0,2025-12-01 12:00:00
604,20250624,26,292,10,5,95.0,475.0,5,451.25,2025-12-01 12:00:00
605,20250410,22,174,15,3,130.0,390.0,10,351.0,2025-12-01 12:00:00
606,20250119,42,70,8,1,40.0,40.0,0,40.0,2025-12-01 12:00:00
607,20251002,22,237,13,4,130.0,520.0,10,468.0,2025-12-01 12:00:00
608,20250129,34,154,10,3,110.0,330.0,0,330.0,2025-12-01 12:00:00
609,20251002,2,107,10,3,50.0,150.0,5,142.5,2025-12-01 12:00:00
610,20250701,5,77,5,4,140.0,560.0,0,560.0,2025-12-01 12:00:00
611,20250712,41,274,14,1,120.0,120.0,0,120.0,2025-12-01 12:00:00
612,20250406,39,60,14,3,380.0,1140.0,0,1140.0,2025-12-01 12:00:00
613,20250611,46,17,5,2,55.0,110.0,0,110.0,2025-12-01 12:00:00
614,20250502,24,232,14,5,25.0,125.0,0,125.0,2025-12-01 12:00:00
615,20250604,12,58,6,3,135.0,405.0,5,384.75,2025-12-01 12:00:00
616,20250217,29,260,1,3,190.0,570.0,10,513.0,2025-12-01 12:00:00
617,20250320,13,175,15,2,98.0,196.0,5,186.2,2025-12-01 12:00:00
618,20250608,50,168,3,3,360.0,1080.0,0,1080.0,2025-12-01 12:00:00
619,20250922,44,68,4,3,140.0,420.0,0,420.0,2025-12-01 12:00:00
620,20250925,8,3,5,5,55.0,275.0,0,275.0,2025-12-01 12:00:00
621,20251101,6,171,8,4,410.0,1640.0,0,1640.0,2025-12-01 12:00:00
622,20251204,48,160,1,2,70.0,140.0,0,140.0,2025-12-01 12:00:00
623,20250418,21,103,4,1,35.0,35.0,0,35.0,2025-12-01 12:00:00
624,20250814,43,61,5,1,120.0,120.0,0,120.0,2025-12-01 12:00:00
625,20250108,40,287,9,1,110.0,110.0,0,110.0,2025-12-01 12:00:00
626,20251009,21,139,3,5,35.0,175.0,5,166.25,2025-12-01 12:00:00
627,20251021,16,88,2,1,125.0,125.0,5,118.75,2025-12-01 12:00:00
628,20251004,29,26,3,1,190.0,190.0,10,171.0,2025-12-01 12:00:00
629,20250126,7,197,1,1,50.0,50.0,0,50.0,2025-12-01 12:00:00
630,20251227,39,229,10,1,380.0,380.0,0,380.0,2025-12-01 12:00:00
631,20250412,46,274,2,6,55.0,330.0,5,313.5,2025-12-01 12:00:00
632,20250827,37,68,2,4,85.0,340.0,10,306.0,2025-12-01 12:00:00
633,20250828,7,234,5,3,50.0,150.0,5,142.5,2025-12-01 12:00:00
634,20250827,31,119,4,1,190.0,190.0,5,180.5,2025-12-01 12:00:00
635,20250513,24,201,3,3,25.0,75.0,0,75.0,2025-12-01 12:00:00
636,20250616,30,250,1,1,120.0,120.0,0,120.0,2025-12-01 12:00:00
637,20250903,30,88,5,3,120.0,360.0,0,360.0,2025-12-01 12:00:00
638,20250307,33,53,7,4,110.0,440.0,5,418.0,2025-12-01 12:00:00
639,20250616,36,37,13,1,110.0,110.0,0,110.0,2025-12-01 12:00:00
640,20251030,27,123,10,1,35.0,35.0,0,35.0,2025-12-01 12:00:00
641,20250904,25,34,6,1,130.0,130.0,0,130.0,2025-12-01 12:00:00
642,20250809,28,291,13,1,35.0,35.0,0,35.0,2025-12-01 12:00:00
643,20250330,43,40,12,5,120.0,600.0,0,600.0,2025-12-01 12:00:00
644,20250907,8,238,6,2,55.0,110.0,5,104.5,2025-12-01 12:00:00
645,20250401,20,208,2,2,85.0,170.0,0,170.0,2025-12-01 12:00:00
646,20251102,50,195,6,2,360.0,720.0,0,720.0,2025-12-01 12:00:00
647,20250216,14,72,15,2,110.0,220.0,5,209.0,2025-12-01 12:00:00
648,20250101,49,76,11,1,330.0,330.0,0,330.0,2025-12-01 12:00:00
649,20250719,40,296,8,1,110.0,110.0,0,110.0,2025-12-01 12:00:00
650,20250612,20,292,13,5,85.0,425.0,0,425.0,2025-12-01 12:00:00
651,20250811,46,177,2,2,55.0,110.0,0,110.0,2025-12-01 12:00:00
652,20250919,26,66,14,1,95.0,95.0,0,95.0,2025-12-01 12:00:00
653,20251009,4,1,12,2,95.0,190.0,10,171.0,2025-12-01 12:00:00
654,20250226,19,16,4,2,30.0,60.0,0,60.0,2025-12-01 12:00:00
655,20251117,21,196,7,1,35.0,35.0,0,35.0,2025-12-01 12:00:00
656,20251206,12,244,3,1,135.0,135.0,0,135.0,2025-12-01 12:00:00
657,20250704,27,79,5,6,35.0,210.0,0,210.0,2025-12-01 12:00:00
658,20250310,1,37,11,1,30.0,30.0,5,28.5,2025-12-01 12:00:00
659,20250907,43,224,3,1,120.0,120.0,0,120.0,2025-12-01 12:00:00
660,20250801,30,218,10,1,120.0,120.0,0,120.0,2025-12-01 12:00:00
661,20251010,29,197,6,1,190.0,190.0,0,190.0,2025-12-01 12:00:00
662,20250104,37,256,14,3,85.0,255.0,5,242.25,2025-12-01 12:00:00
663,20250518,27,280,10,1,35.0,35.0,10,31.5,2025-12-01 12:00:00
664,20251018,31,189,2,2,190.0,380.0,10,342.0,2025-12-01 12:00:00
665,20250210,10,270,14,6,95.0,570.0,5,541.5,2025-12-01 12:00:00
666,20250827,34,41,9,4,110.0,440.0,0,440.0,2025-12-01 12:00:00
667,20250830,41,40,11,2,120.0,240.0,5,228.0,2025-12-01 12:00:00
668,20250609,40,28,15,1,110.0,110.0,5,104.5,2025-12-01 12:00:00
669,20250829,30,263,15,2,120.0,240.0,5,228.0,2025-12-01 12:00:00
670,20250804,23,151,5,1,150.0,150.0,0,150.0,2025-12-01 12:00:00
671,20251102,48,156,12,3,70.0,210.0,0,210.0,2025-12-01 12:00:00
672,20251119,31,297,3,2,190.0,380.0,0,380.0,2025-12-01 12:00:00
673,20250530,48,14,5,2,70.0,140.0,0,140.0,2025-12-01 12:00:00
674,20250209,18,130,3,2,180.0,360.0,0,360.0,2025-12-01 12:00:00
675,20250512,1,58,10,1,30.0,30.0,0,30.0,2025-12-01 12:00:00
676,20250319,43,229,6,4,120.0,480.0,0,480.0,2025-12-01 12:00:00
677,20251225,16,249,3,3,125.0,375.0,5,356.25,2025-12-01 12:00:00
678,20250625,6,75,10,5,410.0,2050.0,0,2050.0,2025-12-01 12:00:00
679,20250911,49,212,13,1,330.0,330.0,0,330.0,2025-12-01 12:00:00
680,20251123,11,108,10,3,125.0,375.0,0,375.0,2025-12-01 12:00:00
681,20251125,17,60,1,1,12.0,12.0,0,12.0,2025-12-01 12:00:00
682,20250604,31,273,4,1,190.0,190.0,5,180.5,2025-12-01 12:00:00
683,20250831,17,75,9,4,12.0,48.0,0,48.0,2025-12-01 12:00:00
684,20250818,25,162,9,3,130.0,390.0,0,390.0,2025-12-01 12:00:00
685,20250930,41,182,14,2,120.0,240.0,10,216.0,2025-12-01 12:00:00
686,20250520,22,139,5,4,130.0,520.0,0,520.0,2025-12-01 12:00:00
687,20251027,26,237,13,3,95.0,285.0,0,285.0,2025-12-01 12:00:00
688,20251211,38,100,9,1,120.0,120.0,0,120.0,2025-12-01 12:00:00
689,20250403,21,281,1,3,35.0,105.0,5,99.75,2025-12-01 12:00:00
690,20250107,27,51,9,1,35.0,35.0,0,35.0,2025-12-01 12:00:00
691,20250423,47,146,5,1,60.0,60.0,0,60.0,2025-12-01 12:00:00
692,20250217,4,112,10,2,95.0,190.0,5,180.5,2025-12-01 12:00:00
693,20250303,6,67,7,3,410.0,1230.0,5,1168.5,2025-12-01 12:00:00
694,20251017,12,57,12,1,135.0,135.0,0,135.0,2025-12-01 12:00:00
695,20251205,5,233,15,6,140.0,840.0,5,798.0,2025-12-01 12:00:00
696,20251221,43,166,5,1,120.0,120.0,0,120.0,2025-12-01 12:00:00
697,20250201,25,199,6,6,130.0,780.0,0,780.0,2025-12-01 12:00:00
698,20250516,12,226,2,2,135.0,270.0,10,243.0,2025-12-01 12:00:00
699,20251109,26,92,11,2,95.0,190.0,0,190.0,2025-12-01 12:00:00
700,20250809,14,55,15,2,110.0,220.0,0,220.0,2025-12-01 12:00:00
701,20250118,5,37,10,3,140.0,420.0,5,399.0,2025-12-01 12:00:00
702,20250110,32,77,11,2,40.0,80.0,10,72.0,2025-12-01 12:00:00
703,20251207,25,137,3,3,130.0,390.0,10,351.0,2025-12-01 12:00:00
704,20251022,1,264,12,5,30.0,150.0,0,150.0,2025-12-01 12:00:00
705,20250812,26,36,9,1,95.0,95.0,0,95.0,2025-12-01 12:00:00
706,20251219,50,247,2,2,360.0,720.0,10,648.0,2025-12-01 12:00:00
707,20250703,22,156,7,1,130.0,130.0,10,117.0,2025-12-01 12:00:00
708,20251128,6,188,9,4,410.0,1640.0,0,1640.0,2025-12-01 12:00:00
709,20250824,49,149,11,1,330.0,330.0,0,330.0,2025-12-01 12:00:00
710,20250716,43,98,5,3,120.0,360.0,5,342.0,2025-12-01 12:00:00
711,20251119,45,184,8,1,110.0,110.0,0,110.0,2025-12-01 12:00:00
712,20250408,9,19,4,1,12.0,12.0,10,10.8,2025-12-01 12:00:00
713,20250503,32,200,2,3,40.0,120.0,0,120.0,2025-12-01 12:00:00
714,20250913,35,231,1,1,65.0,65.0,0,65.0,2025-12-01 12:00:00
715,20250122,26,61,4,4,95.0,380.0,0,380.0,2025-12-01 12:00:00
716,20250823,44,275,3,3,140.0,420.0,0,420.0,2025-12-01 12:00:00
717,20250206,3,73,8,3,230.0,690.0,0,690.0,2025-12-01 12:00:00
718,20251113,3,125,12,2,230.0,460.0,0,460.0,2025-12-01 12:00:00
719,20251120,4,158,14,3,95.0,285.0,0,285.0,2025-12-01 12:00:00
720,20250329,38,33,14,4,120.0,480.0,0,480.0,2025-12-01 12:00:00
721,20251101,40,113,2,4,110.0,440.0,0,440.0,2025-12-01 12:00:00
722,20251214,26,167,2,6,95.0,570.0,0,570.0,2025-12-01 12:00:00
723,20250312,21,110,13,1,35.0,35.0,0,35.0,2025-12-01 12:00:00
724,20250202,8,141,3,3,55.0,165.0,0,165.0,2025-12-01 12:00:00
725,20250709,36,85,8,1,110.0,110.0,0,110.0,2025-12-01 12:00:00
726,20250310,7,193,13,1,50.0,50.0,5,47.5,2025-12-01 12:00:00
727,20250211,1,4,3,5,30.0,150.0,5,142.5,2025-12-01 12:00:00
728,20251031,19,214,12,4,30.0,120.0,5,114.0,2025-12-01 12:00:00
729,20251221,9,106,3,2,12.0,24.0,0,24.0,2025-12-01 12:00:00
730,20250730,16,90,10,3,125.0,375.0,0,375.0,2025-12-01 12:00:00
731,20250913,40,46,11,4,110.0,440.0,0,440.0,2025-12-01 12:00:00
732,20250803,1,286,4,1,30.0,30.0,10,27.0,2025-12-01 12:00:00
733,20250218,40,186,14,3,110.0,330.0,0,330.0,2025-12-01 12:00:00
734,20250423,30,107,5,1,120.0,120.0,0,120.0,2025-12-01 12:00:00
735,20250318,44,243,8,1,140.0,140.0,0,140.0,2025-12-01 12:00:00
736,20250123,4,187,5,1,95.0,95.0,0,95.0,2025-12-01 12:00:00
737,20251112,49,233,1,1,330.0,330.0,0,330.0,2025-12-01 12:00:00
738,20251003,12,81,13,1,135.0,135.0,0,135.0,2025-12-01 12:00:00
739,20250206,16,228,10,2,125.0,250.0,0,250.0,2025-12-01 12:00:00
740,20251213,21,118,13,1,35.0,35.0,0,35.0,2025-12-01 12:00:00
741,20250502,48,212,14,1,70.0,70.0,5,66.5,2025-12-01 12:00:00
742,20250207,31,300,8,1,190.0,190.0,0,190.0,2025-12-01 12:00:00
743,20250421,40,233,3,1,110.0,110.0,0,110.0,2025-12-01 12:00:00
744,20250410,41,184,5,1,120.0,120.0,0,120.0,2025-12-01 12:00:00
745,20251221,37,31,5,1,85.0,85.0,5,80.75,2025-12-01 12:00:00
746,20250823,27,88,13,1,35.0,35.0,5,33.25,2025-12-01 12:00:00
747,20251106,11,88,10,6,125.0,750.0,5,712.5,2025-12-01 12:00:00
748,20250214,27,268,8,4,35.0,140.0,0,140.0,2025-12-01 12:00:00
749,20250831,30,143,1,3,120.0,360.0,5,342.0,2025-12-01 12:00:00
750,20250507,16,168,7,2,125.0,250.0,5,237.5,2025-12-01 12:00:00
751,20251030,10,294,15,1,95.0,95.0,10,85.5,2025-12-01 12:00:00
752,20250121,31,259,1,2,190.0,380.0,0,380.0,2025-12-01 12:00:00
753,20251223,7,232,8,1,50.0,50.0,0,50.0,2025-12-01 12:00:00
754,20250107,45,209,4,1,110.0,110.0,0,110.0,2025-12-01 12:00:00
755,20251128,6,9,8,3,410.0,1230.0,0,1230.0,2025-12-01 12:00:00
756,20250824,37,299,1,6,85.0,510.0,0,510.0,2025-12-01 12:00:00
757,20250312,46,208,3,3,55.0,165.0,0,165.0,2025-12-01 12:00:00
758,20250826,46,1,14,2,55.0,110.0,0,110.0,2025-12-01 12:00:00
759,20251220,22,272,1,1,130.0,130.0,5,123.5,2025-12-01 12:00:00
760,20251224,40,278,10,3,110.0,330.0,5,313.5,2025-12-01 12:00:00
761,20250211,40,172,12,5,110.0,550.0,0,550.0,2025-12-01 12:00:00
762,20251212,24,27,2,1,25.0,25.0,0,25.0,2025-12-01 12:00:00
763,20250121,24,188,3,2,25.0,50.0,5,47.5,2025-12-01 12:00:00
764,20251015,46,105,3,6,55.0,330.0,0,330.0,2025-12-01 12:00:00
765,20250228,42,245,12,5,40.0,200.0,0,200.0,2025-12-01 12:00:00
766,20251226,14,116,6,1,110.0,110.0,0,110.0,2025-12-01 12:00:00
767,20251215,28,142,1,1,35.0,35.0,0,35.0,2025-12-01 12:00:00
768,20250906,33,270,14,1,110.0,110.0,5,104.5,2025-12-01 12:00:00
769,20251214,35,150,8,2,65.0,130.0,5,123.5,2025-12-01 12:00:00
770,20251221,5,97,15,4,140.0,560.0,0,560.0,2025-12-01 12:00:00
771,20250720,12,148,2,1,135.0,135.0,0,135.0,2025-12-01 12:00:00
772,20251223,10,255,3,4,95.0,380.0,0,380.0,2025-12-01 12:00:00
773,20251118,2,151,7,5,50.0,250.0,0,250.0,2025-12-01 12:00:00
774,20250309,31,178,7,2,190.0,380.0,0,380.0,2025-12-01 12:00:00
775,20250530,13,33,1,4,98.0,392.0,0,392.0,2025-12-01 12:00:00
776,20250924,42,172,7,2,40.0,80.0,0,80.0,2025-12-01 12:00:00
777,20250617,32,272,14,2,40.0,80.0,0,80.0,2025-12-01 12:00:00
778,20251018,9,157,3,3,12.0,36.0,0,36.0,2025-12-01 12:00:00
779,20250710,19,25,3,1,30.0,30.0,0,30.0,2025-12-01 12:00:00
780,20250327,40,83,12,2,110.0,220.0,0,220.0,2025-12-01 12:00:00
781,20250331,46,79,3,1,55.0,55.0,0,55.0,2025-12-01 12:00:00
782,20250612,37,65,8,1,85.0,85.0,0,85.0,2025-12-01 12:00:00
783,20251015,46,18,11,1,55.0,55.0,0,55.0,2025-12-01 12:00:00
784,20250710,29,277,3,2,190.0,380.0,0,380.0,2025-12-01 12:00:00
785,20250113,26,256,13,1,95.0,95.0,0,95.0,2025-12-01 12:00:00
786,20250613,10,3,12,2,95.0,190.0,0,190.0,2025-12-01 12:00:00
787,20251128,46,152,8,4,55.0,220.0,10,198.0,2025-12-01 12:00:00
788,20251021,43,76,13,2,120.0,240.0,10,216.0,2025-12-01 12:00:00
789,20250815,22,58,12,2,130.0,260.0,0,260.0,2025-12-01 12:00:00
790,20251214,36,60,5,1,110.0,110.0,0,110.0,2025-12-01 12:00:00
791,20250423,29,183,2,1,190.0,190.0,0,190.0,2025-12-01 12:00:00
792,20250410,38,270,4,3,120.0,360.0,5,342.0,2025-12-01 12:00:00
793,20250411,2,43,9,4,50.0,200.0,0,200.0,2025-12-01 12:00:00
794,20250214,33,202,4,2,110.0,220.0,0,220.0,2025-12-01 12:00:00
795,20250919,4,185,7,1,95.0,95.0,5,90.25,2025-12-01 12:00:00
796,20250709,25,191,1,1,130.0,130.0,0,130.0,2025-12-01 12:00:00
797,20250817,36,45,4,3,110.0,330.0,0,330.0,2025-12-01 12:00:00
798,20250801,29,148,3,4,190.0,760.0,10,684.0,2025-12-01 12:00:00
799,20250806,47,213,3,4,60.0,240.0,0,240.0,2025-12-01 12:00:00
800,20250315,14,156,8,6,110.0,660.0,0,660.0,2025-12-01 12:00:00
801,20250621,5,193,2,1,140.0,140.0,0,140.0,2025-12-01 12:00:00
802,20250520,27,90,9,2,35.0,70.0,0,70.0,2025-12-01 12:00:00
803,20250312,13,96,14,1,98.0,98.0,0,98.0,2025-12-01 12:00:00
804,20250122,20,300,5,2,85.0,170.0,5,161.5,2025-12-01 12:00:00
805,20250425,2,2,3,1,50.0,50.0,10,45.0,2025-12-01 12:00:00
806,20251122,31,64,11,3,190.0,570.0,0,570.0,2025-12-01 12:00:00
807,20250402,32,126,1,1,40.0,40.0,0,40.0,2025-12-01 12:00:00
808,20250204,39,186,10,2,380.0,760.0,0,760.0,2025-12-01 12:00:00
809,20250513,41,244,12,4,120.0,480.0,0,480.0,2025-12-01 12:00:00
810,20251022,2,133,3,2,50.0,100.0,0,100.0,2025-12-01 12:00:00
811,20250825,45,70,6,1,110.0,110.0,0,110.0,2025-12-01 12:00:00
812,20250803,41,183,1,1,120.0,120.0,0,120.0,2025-12-01 12:00:00
813,20250209,33,100,13,2,110.0,220.0,5,209.0,2025-12-01 12:00:00
814,20251103,49,86,9,1,330.0,330.0,0,330.0,2025-12-01 12:00:00
815,20251217,20,139,11,3,85.0,255.0,0,255.0,2025-12-01 12:00:00
816,20251001,38,181,14,1,120.0,120.0,0,120.0,2025-12-01 12:00:00
817,20250525,24,249,7,1,25.0,25.0,10,22.5,2025-12-01 12:00:00
818,20250222,14,80,9,1,110.0,110.0,0,110.0,2025-12-01 12:00:00
819,20251014,40,270,14,2,110.0,220.0,0,220.0,2025-12-01 12:00:00
820,20250228,27,236,15,1,35.0,35.0,5,33.25,2025-12-01 12:00:00
821,20250109,31,179,5,3,190.0,570.0,0,570.0,2025-12-01 12:00:00
822,20250815,39,268,13,6,380.0,2280.0,0,2280.0,2025-12-01 12:00:00
823,20250605,2,61,4,1,50.0,50.0,0,50.0,2025-12-01 12:00:00
824,20251219,15,158,3,1,65.0,65.0,10,58.5,2025-12-01 12:00:00
825,20250806,45,58,2,1,110.0,110.0,0,110.0,2025-12-01 12:00:00
826,20250809,3,101,2,1,230.0,230.0,0,230.0,2025-12-01 12:00:00
827,20251031,4,241,2,5,95.0,475.0,0,475.0,2025-12-01 12:00:00
828,20250604,43,6,13,1,120.0,120.0,0,120.0,2025-12-01 12:00:00
829,20251105,14,103,3,3,110.0,330.0,0,330.0,2025-12-01 12:00:00
830,20250316,48,143,10,1,70.0,70.0,0,70.0,2025-12-01 12:00:00
831,20250914,50,124,9,2,360.0,720.0,0,720.0,2025-12-01 12:00:00
832,20251024,49,8,9,1,330.0,330.0,0,330.0,2025-12-01 12:00:00
833,20250525,11,276,1,6,125.0,750.0,0,750.0,2025-12-01 12:00:00
834,20250420,33,244,6,3,110.0,330.0,0,330.0,2025-12-01 12:00:00
835,20251211,7,93,14,1,50.0,50.0,0,50.0,2025-12-01 12:00:00
836,20250420,33,117,7,1,110.0,110.0,10,99.0,2025-12-01 12:00:00
837,20250305,30,57,9,1,120.0,120.0,5,114.0,2025-12-01 12:00:00
838,20251227,19,286,12,1,30.0,30.0,0,30.0,2025-12-01 12:00:00
839,20250301,25,146,8,2,130.0,260.0,0,260.0,2025-12-01 12:00:00
840,20250816,15,284,7,1,65.0,65.0,5,61.75,2025-12-01 12:00:00
841,20250407,5,244,11,1,140.0,140.0,0,140.0,2025-12-01 12:00:00
842,20251212,32,54,7,2,40.0,80.0,0,80.0,2025-12-01 12:00:00
843,20250213,8,74,7,2,55.0,110.0,0,110.0,2025-12-01 12:00:00
844,20250222,48,87,2,1,70.0,70.0,0,70.0,2025-12-01 12:00:00
845,20250413,39,207,2,1,380.0,380.0,0,380.0,2025-12-01 12:00:00
846,20250913,18,298,10,1,180.0,180.0,5,171.0,2025-12-01 12:00:00
847,20251126,26,183,8,3,95.0,285.0,10,256.5,2025-12-01 12:00:00
848,20250906,33,143,3,3,110.0,330.0,0,330.0,2025-12-01 12:00:00
849,20250509,32,255,4,2,40.0,80.0,0,80.0,2025-12-01 12:00:00
850,20250220,48,28,14,1,70.0,70.0,0,70.0,2025-12-01 12:00:00
851,20250402,25,168,3,1,130.0,130.0,0,130.0,2025-12-01 12:00:00
852,20250209,43,267,13,2,120.0,240.0,0,240.0,2025-12-01 12:00:00
853,20250531,43,255,8,2,120.0,240.0,0,240.0,2025-12-01 12:00:00
854,20251004,35,10,13,1,65.0,65.0,0,65.0,2025-12-01 12:00:00
855,20250302,25,231,6,4,130.0,520.0,0,520.0,2025-12-01 12:00:00
856,20250119,3,91,9,3,230.0,690.0,5,655.5,2025-12-01 12:00:00
857,20251228,11,252,7,1,125.0,125.0,5,118.75,2025-12-01 12:00:00
858,20250907,49,57,10,3,330.0,990.0,0,990.0,2025-12-01 12:00:00
859,20251217,35,293,8,2,65.0,130.0,5,123.5,2025-12-01 12:00:00
860,20250917,4,201,5,2,95.0,190.0,10,171.0,2025-12-01 12:00:00
861,20251112,44,181,13,6,140.0,840.0,0,840.0,2025-12-01 12:00:00
862,20250115,38,24,3,4,120.0,480.0,0,480.0,2025-12-01 12:00:00
863,20251026,2,175,7,1,50.0,50.0,0,50.0,2025-12-01 12:00:00
864,20250702,27,180,1,3,35.0,105.0,0,105.0,2025-12-01 12:00:00
865,20251128,20,44,15,3,85.0,255.0,5,242.25,2025-12-01 12:00:00
866,20250228,22,87,1,2,130.0,260.0,0,260.0,2025-12-01 12:00:00
867,20251203,28,291,9,5,35.0,175.0,0,175.0,2025-12-01 12:00:00
868,20251223,31,12,6,1,190.0,190.0,0,190.0,2025-12-01 12:00:00
869,20251021,7,251,2,3,50.0,150.0,0,150.0,2025-12-01 12:00:00
870,20250912,33,174,3,2,110.0,220.0,0,220.0,2025-12-01 12:00:00
871,20250812,13,255,11,4,98.0,392.0,5,372.4,2025-12-01 12:00:00
872,20251002,14,148,5,1,110.0,110.0,10,99.0,2025-12-01 12:00:00
873,20250725,15,48,12,4,65.0,260.0,0,260.0,2025-12-01 12:00:00
874,20250622,18,35,10,4,180.0,720.0,0,720.0,2025-12-01 12:00:00
875,20250418,23,40,11,4,150.0,600.0,0,600.0,2025-12-01 12:00:00
876,20250603,28,277,6,1,35.0,35.0,0,35.0,2025-12-01 12:00:00
877,20251116,33,233,11,3,110.0,330.0,0,330.0,2025-12-01 12:00:00
878,20250110,41,265,14,1,120.0,120.0,0,120.0,2025-12-01 12:00:00
879,20251205,48,240,5,5,70.0,350.0,0,350.0,2025-12-01 12:00:00
880,20251111,50,223,15,2,360.0,720.0,0,720.0,2025-12-01 12:00:00
881,20250925,13,187,8,1,98.0,98.0,0,98.0,2025-12-01 12:00:00
882,20251217,49,154,14,2,330.0,660.0,0,660.0,2025-12-01 12:00:00
883,20250202,41,105,14,2,120.0,240.0,5,228.0,2025-12-01 12:00:00
884,20251127,11,132,11,2,125.0,250.0,0,250.0,2025-12-01 12:00:00
885,20250228,10,99,1,1,95.0,95.0,5,90.25,2025-12-01 12:00:00
886,20250826,32,287,7,2,40.0,80.0,10,72.0,2025-12-01 12:00:00
887,20250414,11,140,3,1,125.0,125.0,5,118.75,2025-12-01 12:00:00
888,20250523,43,282,3,2,120.0,240.0,0,240.0,2025-12-01 12:00:00
889,20250906,2,29,14,4,50.0,200.0,0,200.0,2025-12-01 12:00:00
890,20250602,5,209,15,1,140.0,140.0,0,140.0,2025-12-01 12:00:00
891,20250216,26,72,4,1,95.0,95.0,5,90.25,2025-12-01 12:00:00
892,20250303,34,298,13,5,110.0,550.0,0,550.0,2025-12-01 12:00:00
893,20250216,16,63,13,4,125.0,500.0,0,500.0,2025-12-01 12:00:00
894,20251027,48,200,13,3,70.0,210.0,0,210.0,2025-12-01 12:00:00
895,20250805,14,74,2,1,110.0,110.0,10,99.0,2025-12-01 12:00:00
896,20250814,27,131,14,2,35.0,70.0,0,70.0,2025-12-01 12:00:00
897,20250711,45,58,6,2,110.0,220.0,0,220.0,2025-12-01 12:00:00
898,20250507,18,75,6,2,180.0,360.0,0,360.0,2025-12-01 12:00:00
899,20250607,2,18,14,3,50.0,150.0,5,142.5,2025-12-01 12:00:00
900,20250128,45,123,5,2,110.0,220.0,0,220.0,2025-12-01 12:00:00
901,20251225,24,63,9,4,25.0,100.0,5,95.0,2025-12-01 12:00:00
902,20250718,1,202,15,6,30.0,180.0,0,180.0,2025-12-01 12:00:00
903,20250216,49,121,5,1,330.0,330.0,5,313.5,2025-12-01 12:00:00
904,20250813,41,163,15,4,120.0,480.0,0,480.0,2025-12-01 12:00:00
905,20250118,18,42,14,3,180.0,540.0,0,540.0,2025-12-01 12:00:00
906,20250731,22,217,15,5,130.0,650.0,0,650.0,2025-12-01 12:00:00
907,20250324,45,134,9,1,110.0,110.0,0,110.0,2025-12-01 12:00:00
908,20251008,48,168,8,3,70.0,210.0,5,199.5,2025-12-01 12:00:00
909,20251125,42,95,11,2,40.0,80.0,0,80.0,2025-12-01 12:00:00
910,20250102,26,103,11,1,95.0,95.0,0,95.0,2025-12-01 12:00:00
911,20250226,11,128,9,3,125.0,375.0,5,356.25,2025-12-01 12:00:00
912,20251129,49,67,14,2,330.0,660.0,0,660.0,2025-12-01 12:00:00
913,20250613,29,245,14,3,190.0,570.0,0,570.0,2025-12-01 12:00:00
914,20251218,38,168,13,1,120.0,120.0,0,120.0,2025-12-01 12:00:00
915,20250708,12,202,15,1,135.0,135.0,5,128.25,2025-12-01 12:00:00
916,20251020,15,11,1,5,65.0,325.0,0,325.0,2025-12-01 12:00:00
917,20251117,15,46,8,1,65.0,65.0,5,61.75,2025-12-01 12:00:00
918,20250328,4,206,10,2,95.0,190.0,0,190.0,2025-12-01 12:00:00
919,20250215,24,88,10,1,25.0,25.0,5,23.75,2025-12-01 12:00:00
920,20250811,50,233,14,3,360.0,1080.0,0,1080.0,2025-12-01 12:00:00
921,20250415,13,137,5,3,98.0,294.0,0,294.0,2025-12-01 12:00:00
922,20250809,14,111,14,1,110.0,110.0,0,110.0,2025-12-01 12:00:00
923,20250803,12,210,13,1,135.0,135.0,0,135.0,2025-12-01 12:00:00
924,20250515,16,231,15,1,125.0,125.0,0,125.0,2025-12-01 12:00:00
925,20251128,30,44,1,2,120.0,240.0,5,228.0,2025-12-01 12:00:00
926,20251221,26,109,12,1,95.0,95.0,0,95.0,2025-12-01 12:00:00
927,20251102,17,38,2,2,12.0,24.0,0,24.0,2025-12-01 12:00:00
928,20250501,31,182,10,5,190.0,950.0,10,855.0,2025-12-01 12:00:00
929,20251103,46,24,1,1,55.0,55.0,0,55.0,2025-12-01 12:00:00
930,20250604,26,190,3,5,95.0,475.0,0,475.0,2025-12-01 12:00:00
931,20251025,12,134,3,2,135.0,270.0,10,243.0,2025-12-01 12:00:00
932,20250828,9,46,6,3,12.0,36.0,0,36.0,2025-12-01 12:00:00
933,20250514,8,161,1,6,55.0,330.0,0,330.0,2025-12-01 12:00:00
934,20250524,48,185,15,2,70.0,140.0,10,126.0,2025-12-01 12:00:00
935,20250515,40,136,9,1,110.0,110.0,5,104.5,2025-12-01 12:00:00
936,20250611,48,252,13,5,70.0,350.0,0,350.0,2025-12-01 12:00:00
937,20251203,41,226,1,1,120.0,120.0,0,120.0,2025-12-01 12:00:00
938,20250404,3,241,5,1,230.0,230.0,0,230.0,2025-12-01 12:00:00
939,20250301,32,21,8,1,40.0,40.0,5,38.0,2025-12-01 12:00:00
940,20250906,30,253,2,4,120.0,480.0,5,456.0,2025-12-01 12:00:00
941,20250305,23,48,4,4,150.0,600.0,0,600.0,2025-12-01 12:00:00
942,20250328,48,261,14,1,70.0,70.0,5,66.5,2025-12-01 12:00:00
943,20251027,14,299,1,2,110.0,220.0,0,220.0,2025-12-01 12:00:00
944,20250802,5,127,13,2,140.0,280.0,0,280.0,2025-12-01 12:00:00
945,20250618,2,146,11,6,50.0,300.0,0,300.0,2025-12-01 12:00:00
946,20250711,38,55,14,1,120.0,120.0,0,120.0,2025-12-01 12:00:00
947,20250824,46,246,8,2,55.0,110.0,0,110.0,2025-12-01 12:00:00
948,20251203,1,169,1,3,30.0,90.0,10,81.0,2025-12-01 12:00:00
949,20250616,47,292,3,1,60.0,60.0,0,60.0,2025-12-01 12:00:00
950,20251126,19,166,13,1,30.0,30.0,0,30.0,2025-12-01 12:00:00
951,20251105,25,48,7,1,130.0,130.0,0,130.0,2025-12-01 12:00:00
952,20250724,6,11,14,1,410.0,410.0,0,410.0,2025-12-01 12:00:00
953,20250726,19,79,2,1,30.0,30.0,5,28.5,2025-12-01 12:00:00
954,20250608,44,68,6,3,140.0,420.0,5,399.0,2025-12-01 12:00:00
955,20250920,13,251,8,4,98.0,392.0,0,392.0,2025-12-01 12:00:00
956,20251016,39,217,2,3,380.0,1140.0,5,1083.0,2025-12-01 12:00:00
957,20251111,12,223,11,2,135.0,270.0,0,270.0,2025-12-01 12:00:00
958,20250624,30,115,11,3,120.0,360.0,0,360.0,2025-12-01 12:00:00
959,20250911,34,269,2,1,110.0,110.0,0,110.0,2025-12-01 12:00:00
960,20250902,20,77,3,3,85.0,255.0,0,255.0,2025-12-01 12:00:00
961,20250508,34,219,5,2,110.0,220.0,0,220.0,2025-12-01 12:00:00
962,20250124,33,56,9,2,110.0,220.0,0,220.0,2025-12-01 12:00:00
963,20251205,47,292,14,1,60.0,60.0,0,60.0,2025-12-01 12:00:00
964,20250211,50,258,1,1,360.0,360.0,0,360.0,2025-12-01 12:00:00
965,20250402,12,202,1,1,135.0,135.0,5,128.25,2025-12-01 12:00:00
966,20250602,21,233,13,3,35.0,105.0,0,105.0,2025-12-01 12:00:00
967,20250516,22,96,4,1,130.0,130.0,5,123.5,2025-12-01 12:00:00
968,20251106,17,55,7,2,12.0,24.0,0,24.0,2025-12-01 12:00:00
969,20250301,1,88,11,2,30.0,60.0,0,60.0,2025-12-01 12:00:00
970,20251203,48,250,5,2,70.0,140.0,10,126.0,2025-12-01 12:00:00
971,20250704,45,203,13,1,110.0,110.0,0,110.0,2025-12-01 12:00:00
972,20250108,13,58,14,1,98.0,98.0,10,88.2,2025-12-01 12:00:00
973,20250114,14,247,11,1,110.0,110.0,0,110.0,2025-12-01 12:00:00
974,20251117,35,98,2,1,65.0,65.0,0,65.0,2025-12-01 12:00:00
975,20250831,28,12,2,1,35.0,35.0,0,35.0,2025-12-01 12:00:00
976,20251226,29,249,8,1,190.0,190.0,0,190.0,2025-12-01 12:00:00
977,20250505,13,151,10,4,98.0,392.0,0,392.0,2025-12-01 12:00:00
978,20250620,1,53,11,4,30.0,120.0,0,120.0,2025-12-01 12:00:00
979,20250801,32,297,10,3,40.0,120.0,10,108.0,2025-12-01 12:00:00
980,20250119,32,205,8,2,40.0,80.0,5,76.0,2025-12-01 12:00:00
981,20251214,32,119,12,1,40.0,40.0,0,40.0,2025-12-01 12:00:00
982,20251023,21,284,2,1,35.0,35.0,0,35.0,2025-12-01 12:00:00
983,20250831,8,254,10,5,55.0,275.0,0,275.0,2025-12-01 12:00:00
984,20251224,28,11,3,1,35.0,35.0,0,35.0,2025-12-01 12:00:00
985,20250626,29,119,9,1,190.0,190.0,10,171.0,2025-12-01 12:00:00
986,20250623,39,240,3,4,380.0,1520.0,5,1444.0,2025-12-01 12:00:00
987,20250719,27,185,13,2,35.0,70.0,10,63.0,2025-12-01 12:00:00
988,20250324,40,107,5,3,110.0,330.0,0,330.0,2025-12-01 12:00:00
989,20250905,9,89,4,1,12.0,12.0,0,12.0,2025-12-01 12:00:00
990,20250801,32,156,4,1,40.0,40.0,0,40.0,2025-12-01 12:00:00
991,20250110,23,134,6,3,150.0,450.0,0,450.0,2025-12-01 12:00:00
992,20250915,3,33,6,2,230.0,460.0,0,460.0,2025-12-01 12:00:00
993,20250303,36,115,8,1,110.0,110.0,0,110.0,2025-12-01 12:00:00
994,20250701,50,24,13,4,360.0,1440.0,0,1440.0,2025-12-01 12:00:00
995,20250319,45,264,10,3,110.0,330.0,5,313.5,2025-12-01 12:00:00
996,20250813,30,57,2,3,120.0,360.0,0,360.0,2025-12-01 12:00:00
997,20250222,36,22,9,1,110.0,110.0,0,110.0,2025-12-01 12:00:00
998,20250416,24,81,12,1,25.0,25.0,0,25.0,2025-12-01 12:00:00
999,20250917,32,51,3,2,40.0,80.0,0,80.0,2025-12-01 12:00:00
1000,20250312,8,104,8,5,55.0,275.0,5,261.25,2025-12-01 12:00:00
1001,20250104,16,243,6,1,125.0,125.0,0,125.0,2025-12-01 12:00:00
1002,20250517,24,213,6,2,25.0,50.0,0,50.0,2025-12-01 12:00:00
1003,20250929,27,117,3,4,35.0,140.0,0,140.0,2025-12-01 12:00:00
1004,20250729,30,265,13,3,120.0,360.0,10,324.0,2025-12-01 12:00:00
1005,20250815,10,6,12,4,95.0,380.0,10,342.0,2025-12-01 12:00:00
1006,20250213,22,162,7,6,130.0,780.0,0,780.0,2025-12-01 12:00:00
1007,20250201,26,19,11,5,95.0,475.0,0,475.0,2025-12-01 12:00:00
1008,20251022,4,267,5,2,95.0,190.0,5,180.5,2025-12-01 12:00:00
1009,20251225,36,156,12,3,110.0,330.0,10,297.0,2025-12-01 12:00:00
1010,20250105,18,271,10,5,180.0,900.0,5,855.0,2025-12-01 12:00:00
1011,20250817,42,106,15,2,40.0,80.0,5,76.0,2025-12-01 12:00:00
1012,20251130,29,177,15,4,190.0,760.0,0,760.0,2025-12-01 12:00:00
1013,20250412,20,44,1,2,85.0,170.0,0,170.0,2025-12-01 12:00:00
1014,20250306,34,277,5,1,110.0,110.0,0,110.0,2025-12-01 12:00:00
1015,20250609,34,175,13,2,110.0,220.0,0,220.0,2025-12-01 12:00:00
1016,20251004,38,133,4,4,120.0,480.0,0,480.0,2025-12-01 12:00:00
1017,20250805,33,57,12,1,110.0,110.0,0,110.0,2025-12-01 12:00:00
1018,20251118,33,182,2,1,110.0,110.0,0,110.0,2025-12-01 12:00:00
1019,20250305,29,153,10,3,190.0,570.0,0,570.0,2025-12-01 12:00:00
1020,20250501,48,298,10,3,70.0,210.0,10,189.0,2025-12-01 12:00:00
1021,20251207,35,120,6,1,65.0,65.0,0,65.0,2025-12-01 12:00:00
1022,20251021,44,72,12,1,140.0,140.0,5,133.0,2025-12-01 12:00:00
1023,20250223,21,265,10,1,35.0,35.0,5,33.25,2025-12-01 12:00:00
1024,20250821,7,76,12,2,50.0,100.0,0,100.0,2025-12-01 12:00:00
1025,20250217,4,218,15,1,95.0,95.0,0,95.0,2025-12-01 12:00:00
1026,20250209,24,270,7,2,25.0,50.0,0,50.0,2025-12-01 12:00:00
1027,20250722,17,300,8,2,12.0,24.0,10,21.6,2025-12-01 12:00:00
1028,20251219,32,214,14,1,40.0,40.0,0,40.0,2025-12-01 12:00:00
1029,20250906,46,235,3,5,55.0,275.0,0,275.0,2025-12-01 12:00:00
1030,20250928,8,109,8,2,55.0,110.0,5,104.5,2025-12-01 12:00:00
1031,20251014,24,61,10,4,25.0,100.0,0,100.0,2025-12-01 12:00:00
1032,20250709,37,149,1,2,85.0,170.0,0,170.0,2025-12-01 12:00:00
1033,20250606,24,156,5,2,25.0,50.0,5,47.5,2025-12-01 12:00:00
1034,20250314,38,216,1,5,120.0,600.0,0,600.0,2025-12-01 12:00:00
1035,20250526,14,94,14,3,110.0,330.0,0,330.0,2025-12-01 12:00:00
1036,20251008,23,35,14,1,150.0,150.0,0,150.0,2025-12-01 12:00:00
1037,20250608,37,232,15,1,85.0,85.0,0,85.0,2025-12-01 12:00:00
1038,20251107,9,71,9,2,12.0,24.0,5,22.8,2025-12-01 12:00:00
1039,20251208,29,77,14,3,190.0,570.0,0,570.0,2025-12-01 12:00:00
1040,20251116,43,210,7,1,120.0,120.0,0,120.0,2025-12-01 12:00:00
1041,20251004,3,227,12,1,230.0,230.0,0,230.0,2025-12-01 12:00:00
1042,20250326,46,13,10,2,55.0,110.0,5,104.5,2025-12-01 12:00:00
1043,20250608,36,64,11,2,110.0,220.0,0,220.0,2025-12-01 12:00:00
1044,20251113,35,296,13,1,65.0,65.0,0,65.0,2025-12-01 12:00:00
1045,20250407,49,244,9,4,330.0,1320.0,0,1320.0,2025-12-01 12:00:00
1046,20250930,12,10,5,3,135.0,405.0,0,405.0,2025-12-01 12:00:00
1047,20251228,38,228,2,4,120.0,480.0,0,480.0,2025-12-01 12:00:00
1048,20250725,38,24,8,4,120.0,480.0,0,480.0,2025-12-01 12:00:00
1049,20250812,12,213,1,4,135.0,540.0,0,540.0,2025-12-01 12:00:00
1050,20250512,6,59,2,2,410.0,820.0,0,820.0,2025-12-01 12:00:00
1051,20250404,17,46,3,1,12.0,12.0,0,12.0,2025-12-01 12:00:00
1052,20250328,4,167,3,1,95.0,95.0,0,95.0,2025-12-01 12:00:00
1053,20250719,7,164,3,2,50.0,100.0,0,100.0,2025-12-01 12:00:00
1054,20250712,8,27,4,1,55.0,55.0,0,55.0,2025-12-01 12:00:00
1055,20250502,32,261,13,2,40.0,80.0,10,72.0,2025-12-01 12:00:00
1056,20250518,4,163,8,2,95.0,190.0,0,190.0,2025-12-01 12:00:00
1057,20250115,27,120,15,4,35.0,140.0,0,140.0,2025-12-01 12:00:00
1058,20251028,44,52,4,3,140.0,420.0,0,420.0,2025-12-01 12:00:00
1059,20250306,20,291,7,2,85.0,170.0,5,161.5,2025-12-01 12:00:00
1060,20250914,14,73,6,2,110.0,220.0,0,220.0,2025-12-01 12:00:00
1061,20250506,35,217,15,2,65.0,130.0,0,130.0,2025-12-01 12:00:00
1062,20250826,40,149,11,6,110.0,660.0,0,660.0,2025-12-01 12:00:00
1063,20250904,18,129,14,3,180.0,540.0,10,486.0,2025-12-01 12:00:00
1064,20251120,14,300,14,2,110.0,220.0,0,220.0,2025-12-01 12:00:00
1065,20251001,37,36,5,1,85.0,85.0,0,85.0,2025-12-01 12:00:00
1066,20250313,47,285,5,4,60.0,240.0,0,240.0,2025-12-01 12:00:00
1067,20250916,21,176,11,1,35.0,35.0,5,33.25,2025-12-01 12:00:00
1068,20250820,18,126,11,6,180.0,1080.0,0,1080.0,2025-12-01 12:00:00
1069,20250824,39,169,1,5,380.0,1900.0,0,1900.0,2025-12-01 12:00:00
1070,20250102,39,244,1,5,380.0,1900.0,0,1900.0,2025-12-01 12:00:00
1071,20250731,36,251,13,1,110.0,110.0,0,110.0,2025-12-01 12:00:00
1072,20251129,42,40,9,1,40.0,40.0,5,38.0,2025-12-01 12:00:00
1073,20251210,29,64,6,6,190.0,1140.0,0,1140.0,2025-12-01 12:00:00
1074,20251104,23,199,3,4,150.0,600.0,5,570.0,2025-12-01 12:00:00
1075,20250105,8,237,6,5,55.0,275.0,0,275.0,2025-12-01 12:00:00
1076,20250424,48,11,13,1,70.0,70.0,10,63.0,2025-12-01 12:00:00
1077,20250703,13,47,14,2,98.0,196.0,0,196.0,2025-12-01 12:00:00
1078,20250424,15,253,6,1,65.0,65.0,0,65.0,2025-12-01 12:00:00
1079,20251227,46,108,1,1,55.0,55.0,5,52.25,2025-12-01 12:00:00
1080,20250722,8,143,10,2,55.0,110.0,0,110.0,2025-12-01 12:00:00
1081,20250410,43,290,11,3,120.0,360.0,0,360.0,2025-12-01 12:00:00
1082,20250203,38,66,12,1,120.0,120.0,0,120.0,2025-12-01 12:00:00
1083,20251019,15,268,12,3,65.0,195.0,0,195.0,2025-12-01 12:00:00
1084,20251214,2,273,10,1,50.0,50.0,0,50.0,2025-12-01 12:00:00
1085,20250821,1,219,11,3,30.0,90.0,0,90.0,2025-12-01 12:00:00
1086,20250615,28,209,5,1,35.0,35.0,0,35.0,2025-12-01 12:00:00
1087,20250911,24,265,13,1,25.0,25.0,5,23.75,2025-12-01 12:00:00
1088,20250125,18,216,9,2,180.0,360.0,0,360.0,2025-12-01 12:00:00
1089,20250410,22,42,15,2,130.0,260.0,0,260.0,2025-12-01 12:00:00
1090,20250426,45,217,2,5,110.0,550.0,0,550.0,2025-12-01 12:00:00
1091,20250618,20,33,11,2,85.0,170.0,0,170.0,2025-12-01 12:00:00
1092,20250810,2,172,14,1,50.0,50.0,0,50.0,2025-12-01 12:00:00
1093,20250503,22,28,14,1,130.0,130.0,5,123.5,2025-12-01 12:00:00
1094,20250207,50,225,13,1,360.0,360.0,0,360.0,2025-12-01 12:00:00
1095,20250305,6,32,15,1,410.0,410.0,0,410.0,2025-12-01 12:00:00
1096,20251222,5,66,1,5,140.0,700.0,0,700.0,2025-12-01 12:00:00
1097,20250604,40,222,2,1,110.0,110.0,0,110.0,2025-12-01 12:00:00
1098,20250127,19,196,7,1,30.0,30.0,5,28.5,2025-12-01 12:00:00
1099,20250430,39,6,8,1,380.0,380.0,5,361.0,2025-12-01 12:00:00
1100,20251114,40,52,6,3,110.0,330.0,0,330.0,2025-12-01 12:00:00
1101,20250114,30,265,6,2,120.0,240.0,0,240.0,2025-12-01 12:00:00
1102,20250107,39,35,10,3,380.0,1140.0,0,1140.0,2025-12-01 12:00:00
1103,20251021,9,261,5,1,12.0,12.0,0,12.0,2025-12-01 12:00:00
1104,20251114,29,96,4,1,190.0,190.0,0,190.0,2025-12-01 12:00:00
1105,20250307,20,300,7,2,85.0,170.0,0,170.0,2025-12-01 12:00:00
1106,20250703,20,299,15,2,85.0,170.0,0,170.0,2025-12-01 12:00:00
1107,20250829,20,176,5,1,85.0,85.0,0,85.0,2025-12-01 12:00:00
1108,20251028,43,75,1,1,120.0,120.0,5,114.0,2025-12-01 12:00:00
1109,20251014,4,217,6,1,95.0,95.0,0,95.0,2025-12-01 12:00:00
1110,20250414,5,175,4,3,140.0,420.0,0,420.0,2025-12-01 12:00:00
1111,20250828,39,170,14,2,380.0,760.0,10,684.0,2025-12-01 12:00:00
1112,20251112,20,215,6,1,85.0,85.0,0,85.0,2025-12-01 12:00:00
1113,20250122,32,113,15,1,40.0,40.0,0,40.0,2025-12-01 12:00:00
1114,20250428,30,110,4,2,120.0,240.0,5,228.0,2025-12-01 12:00:00
1115,20250619,48,193,4,2,70.0,140.0,5,133.0,2025-12-01 12:00:00
1116,20250104,24,6,2,1,25.0,25.0,0,25.0,2025-12-01 12:00:00
1117,20250314,19,226,4,2,30.0,60.0,10,54.0,2025-12-01 12:00:00
1118,20250704,3,16,4,1,230.0,230.0,0,230.0,2025-12-01 12:00:00
1119,20250515,47,90,6,4,60.0,240.0,0,240.0,2025-12-01 12:00:00
1120,20250411,2,91,14,1,50.0,50.0,0,50.0,2025-12-01 12:00:00
1121,20251213,9,195,11,3,12.0,36.0,0,36.0,2025-12-01 12:00:00
1122,20250418,20,234,4,1,85.0,85.0,0,85.0,2025-12-01 12:00:00
1123,20250329,34,223,15,3,110.0,330.0,0,330.0,2025-12-01 12:00:00
1124,20250308,13,99,9,1,98.0,98.0,0,98.0,2025-12-01 12:00:00
1125,20251103,28,126,15,1,35.0,35.0,0,35.0,2025-12-01 12:00:00
1126,20250407,35,151,13,1,65.0,65.0,0,65.0,2025-12-01 12:00:00
1127,20251119,18,65,14,2,180.0,360.0,0,360.0,2025-12-01 12:00:00
1128,20250908,14,42,13,2,110.0,220.0,0,220.0,2025-12-01 12:00:00
1129,20250203,11,261,7,3,125.0,375.0,0,375.0,2025-12-01 12:00:00
1130,20250918,24,256,9,2,25.0,50.0,0,50.0,2025-12-01 12:00:00
1131,20250711,34,248,12,5,110.0,550.0,0,550.0,2025-12-01 12:00:00
1132,20251025,26,299,11,1,95.0,95.0,0,95.0,2025-12-01 12:00:00
1133,20250414,29,121,7,1,190.0,190.0,0,190.0,2025-12-01 12:00:00
1134,20250713,37,81,15,4,85.0,340.0,0,340.0,2025-12-01 12:00:00
1135,20250213,9,44,5,2,12.0,24.0,0,24.0,2025-12-01 12:00:00
1136,20251026,3,239,9,2,230.0,460.0,0,460.0,2025-12-01 12:00:00
1137,20250828,28,210,6,4,35.0,140.0,0,140.0,2025-12-01 12:00:00
1138,20250715,2,92,8,1,50.0,50.0,0,50.0,2025-12-01 12:00:00
1139,20250703,6,151,14,2,410.0,820.0,0,820.0,2025-12-01 12:00:00
1140,20250210,18,117,2,1,180.0,180.0,0,180.0,2025-12-01 12:00:00
1141,20251007,13,171,4,3,98.0,294.0,0,294.0,2025-12-01 12:00:00
1142,20251216,18,98,12,2,180.0,360.0,0,360.0,2025-12-01 12:00:00
1143,20251006,17,5,13,1,12.0,12.0,5,11.4,2025-12-01 12:00:00
1144,20250726,26,297,13,3,95.0,285.0,0,285.0,2025-12-01 12:00:00
1145,20250920,49,77,14,1,330.0,330.0,0,330.0,2025-12-01 12:00:00
1146,20250418,31,120,9,2,190.0,380.0,0,380.0,2025-12-01 12:00:00
1147,20250828,47,237,6,3,60.0,180.0,0,180.0,2025-12-01 12:00:00
1148,20250407,28,214,4,2,35.0,70.0,5,66.5,2025-12-01 12:00:00
1149,20250116,24,72,10,4,25.0,100.0,0,100.0,2025-12-01 12:00:00
1150,20250105,32,182,6,1,40.0,40.0,0,40.0,2025-12-01 12:00:00
1151,20250726,49,276,5,1,330.0,330.0,0,330.0,2025-12-01 12:00:00
1152,20250117,9,79,6,2,12.0,24.0,5,22.8,2025-12-01 12:00:00
1153,20251108,37,201,7,1,85.0,85.0,0,85.0,2025-12-01 12:00:00
1154,20251001,25,97,8,1,130.0,130.0,0,130.0,2025-12-01 12:00:00
1155,20250820,41,156,2,1,120.0,120.0,0,120.0,2025-12-01 12:00:00
1156,20250401,3,251,1,1,230.0,230.0,0,230.0,2025-12-01 12:00:00
1157,20250717,19,106,4,1,30.0,30.0,0,30.0,2025-12-01 12:00:00
1158,20250821,4,189,9,1,95.0,95.0,0,95.0,2025-12-01 12:00:00
1159,20250730,26,81,2,1,95.0,95.0,0,95.0,2025-12-01 12:00:00
1160,20250205,25,106,3,4,130.0,520.0,0,520.0,2025-12-01 12:00:00
1161,20251230,43,244,3,2,120.0,240.0,10,216.0,2025-12-01 12:00:00
1162,20251028,13,258,12,3,98.0,294.0,0,294.0,2025-12-01 12:00:00
1163,20250104,10,229,2,4,95.0,380.0,0,380.0,2025-12-01 12:00:00
1164,20250507,34,169,15,2,110.0,220.0,0,220.0,2025-12-01 12:00:00
1165,20250825,37,21,12,1,85.0,85.0,0,85.0,2025-12-01 12:00:00
1166,20250822,23,153,7,2,150.0,300.0,5,285.0,2025-12-01 12:00:00
1167,20250331,27,128,3,4,35.0,140.0,5,133.0,2025-12-01 12:00:00
1168,20250823,25,94,12,2,130.0,260.0,0,260.0,2025-12-01 12:00:00
1169,20250123,16,81,5,4,125.0,500.0,0,500.0,2025-12-01 12:00:00
1170,20251208,5,112,15,2,140.0,280.0,10,252.0,2025-12-01 12:00:00
1171,20251011,8,189,2,3,55.0,165.0,0,165.0,2025-12-01 12:00:00
1172,20250616,27,231,3,1,35.0,35.0,0,35.0,2025-12-01 12:00:00
1173,20250825,2,38,11,3,50.0,150.0,5,142.5,2025-12-01 12:00:00
1174,20250715,22,205,14,1,130.0,130.0,0,130.0,2025-12-01 12:00:00
1175,20250509,8,70,6,3,55.0,165.0,0,165.0,2025-12-01 12:00:00
1176,20250825,5,43,9,3,140.0,420.0,5,399.0,2025-12-01 12:00:00
1177,20250813,9,242,14,1,12.0,12.0,0,12.0,2025-12-01 12:00:00
1178,20250110,39,52,3,1,380.0,380.0,0,380.0,2025-12-01 12:00:00
1179,20250720,11,40,11,3,125.0,375.0,0,375.0,2025-12-01 12:00:00
1180,20250320,29,184,3,1,190.0,190.0,0,190.0,2025-12-01 12:00:00
1181,20251212,35,111,8,3,65.0,195.0,5,185.25,2025-12-01 12:00:00
1182,20250925,42,53,7,3,40.0,120.0,0,120.0,2025-12-01 12:00:00
1183,20251103,1,25,13,1,30.0,30.0,0,30.0,2025-12-01 12:00:00
1184,20250508,24,123,4,1,25.0,25.0,0,25.0,2025-12-01 12:00:00
1185,20250108,22,99,11,3,130.0,390.0,0,390.0,2025-12-01 12:00:00
1186,20250219,43,86,12,1,120.0,120.0,0,120.0,2025-12-01 12:00:00
1187,20250225,21,166,9,2,35.0,70.0,0,70.0,2025-12-01 12:00:00
1188,20251005,26,220,2,1,95.0,95.0,0,95.0,2025-12-01 12:00:00
1189,20250615,12,8,7,3,135.0,405.0,0,405.0,2025-12-01 12:00:00
1190,20250419,30,113,2,3,120.0,360.0,0,360.0,2025-12-01 12:00:00
1191,20251116,24,23,2,4,25.0,100.0,0,100.0,2025-12-01 12:00:00
1192,20251103,32,53,12,2,40.0,80.0,10,72.0,2025-12-01 12:00:00
1193,20251019,11,129,2,2,125.0,250.0,10,225.0,2025-12-01 12:00:00
1194,20251223,25,69,6,1,130.0,130.0,5,123.5,2025-12-01 12:00:00
1195,20251219,21,247,2,1,35.0,35.0,0,35.0,2025-12-01 12:00:00
1196,20251027,29,196,9,2,190.0,380.0,0,380.0,2025-12-01 12:00:00
1197,20251028,46,7,4,1,55.0,55.0,5,52.25,2025-12-01 12:00:00
1198,20250305,20,122,12,2,85.0,170.0,0,170.0,2025-12-01 12:00:00
1199,20250210,4,71,6,2,95.0,190.0,0,190.0,2025-12-01 12:00:00
1200,20250712,14,20,4,5,110.0,550.0,0,550.0,2025-12-01 12:00:00
